cellid,proportion,layer
9,0.28689175441687675,1
9,0.7131082455831231,5
10,0.30313370550765395,1
10,0.696866294492346,5
72,0.2724787896809425,1
72,0.7275212103190575,5
73,0.3015428802088417,1
73,0.6984571197911584,5
74,1.0,1
137,1.0,1
138,1.0,1
139,0.2778322674853313,1
139,0.7221677325146686,5
203,1.0,1
204,0.3534519163949321,1
204,0.6465480836050679,5
205,1.0,5
206,1.0,5
268,0.3639196366524369,1
268,0.6360803633475631,5
269,0.39334441027309136,1
269,0.6066555897269087,5
270,0.1357502640764319,1
270,0.8642497359235681,5
271,0.15515177318126994,1
271,0.8448482268187301,5
272,0.1494827625082175,1
272,0.8505172374917825,5
273,0.13787843926083998,1
273,0.86212156073916,5
334,0.4181576127982343,1
334,0.5818423872017656,5
335,0.18314930512946653,1
335,0.8168506948705335,5
336,0.19390527512803532,1
336,0.8060947248719647,5
337,0.19860440507480365,1
337,0.8013955949251964,5
338,0.17386966013346394,1
338,0.8261303398665361,5
339,0.15123609865898555,1
339,0.8487639013410144,5
399,0.44896366576816027,1
399,0.5510363342318398,5
400,0.3604812229212907,1
400,0.6395187770787092,5
401,0.22510764070335812,1
401,0.7748923592966419,5
402,0.22504538545323302,1
402,0.7749546145467671,5
403,0.22094700020410565,1
403,0.7790529997958944,5
404,0.2377013985332587,1
404,0.7622986014667413,5
405,0.2530527418694916,1
405,0.7469472581305083,5
406,1.0,1
464,0.6081776286019306,1
464,0.3918223713980694,5
465,0.565878661718724,1
465,0.4341213382812759,5
466,0.5134603831136414,1
466,0.4865396168863586,5
467,0.24494140715686305,1
467,0.7550585928431369,5
468,0.2764623455466785,1
468,0.7235376544533214,5
469,0.8693693693693695,1
469,0.13063063063063066,5
470,0.8527918781725888,1
470,0.14720812182741114,5
471,1.0,1
472,1.0,1
529,0.6556374358135472,1
529,0.34436256418645284,5
530,0.5441768188456485,1
530,0.20479437456998933,4
530,0.2510288065843621,5
531,0.5742481362919322,1
531,0.19148612944233365,4
531,0.2342657342657343,5
532,0.6892571267372919,1
532,0.16219214862502684,4
532,0.14855072463768115,5
533,0.8014705882352942,1
533,0.1985294117647059,4
534,1.0,1
535,1.0,1
536,1.0,1
537,1.0,1
538,0.8347107438016529,1
538,0.16528925619834708,4
593,0.5431575401790014,1
593,0.4568424598209986,5
594,0.683130586103784,1
594,0.31686941389621603,5
595,0.5092354007417049,1
595,0.325475343059948,4
595,0.1652892561983471,5
596,0.4214723850469015,1
596,0.4652590065388589,4
596,0.11326860841423947,5
597,0.5361446699646215,1
597,0.4638553300353785,4
598,0.6502242152466368,1
598,0.3497757847533632,4
599,0.7509433962264151,1
599,0.2490566037735849,4
600,0.7404255319148937,1
600,0.2595744680851064,4
601,0.8172588832487309,1
601,0.18274111675126906,4
602,0.7631578947368421,1
602,0.2368421052631579,4
603,0.6538461538461537,1
603,0.3461538461538461,4
604,0.6275862068965518,1
604,0.3724137931034483,4
657,0.7931034482758621,1
657,0.206896551724138,5
658,0.5982965652052503,1
658,0.40170343479474974,5
659,0.35326797195247256,1
659,0.473547670505628,4
659,0.17318435754189945,5
660,0.38115369673978544,1
660,0.4785748100475449,4
660,0.14027149321266966,5
661,0.36382550526509816,1
661,0.525854210037393,4
661,0.1103202846975089,5
662,0.4297872340425532,1
662,0.5702127659574467,4
663,0.5189873417721519,1
663,0.4810126582278481,4
664,0.6517857142857143,1
664,0.3482142857142857,4
665,0.631578947368421,1
665,0.3684210526315789,4
666,0.7397260273972603,1
666,0.26027397260273977,4
667,0.7215909090909091,1
667,0.2784090909090909,4
668,0.6791443850267379,1
668,0.32085561497326204,4
669,0.5276073619631901,1
669,0.3496932515337423,4
669,0.12269938650306747,5
670,0.30288461538461536,1
670,0.5432692307692307,4
670,0.15384615384615385,5
671,0.3825136612021858,1
671,0.448087431693989,4
671,0.16939890710382513,5
672,0.36875,1
672,0.4375,4
672,0.19375,5
723,0.7575757575757576,1
723,0.2424242424242424,5
724,0.271604938271605,1
724,0.6111111111111112,4
724,0.11728395061728394,5
725,0.25099601593625503,1
725,0.7490039840637449,4
726,0.2540983606557377,1
726,0.7459016393442623,4
727,0.2509090909090909,1
727,0.749090909090909,4
728,0.34439834024896265,1
728,0.6556016597510373,4
729,0.42056074766355145,1
729,0.5794392523364487,4
730,0.543778801843318,1
730,0.45622119815668205,4
731,0.625,1
731,0.375,4
732,0.5605095541401274,1
732,0.4394904458598726,4
733,0.5464480874316939,1
733,0.453551912568306,4
734,0.41116188946958027,1
734,0.4888257590378193,4
734,0.1000123514926006,5
735,0.38461538461538464,1
735,0.4858299595141701,4
735,0.12955465587044535,5
736,0.4117647058823529,1
736,0.4313725490196078,4
736,0.1568627450980392,5
737,0.4029850746268657,1
737,0.4378109452736319,4
737,0.15920398009950248,5
738,0.4790874524714829,1
738,0.40304182509505704,4
738,0.11787072243346007,5
739,0.5670103092783505,1
739,0.4329896907216495,4
788,0.6595744680851063,1
788,0.3404255319148936,5
789,0.15048543689320384,1
789,0.7184466019417475,4
789,0.13106796116504854,5
790,0.13207547169811318,1
790,0.7660377358490565,4
790,0.10188679245283018,5
791,0.11743772241992882,1
791,0.8825622775800712,4
792,0.12274368231046932,1
792,0.8772563176895307,4
793,0.15767634854771784,1
793,0.8423236514522822,4
794,0.18807339449541285,1
794,0.8119266055045871,4
795,0.3284671532846715,1
795,0.6715328467153285,4
796,0.4297520661157025,1
796,0.5702479338842976,4
797,0.4762624985525187,1
797,0.5237375014474812,4
798,0.4438453648298922,1
798,0.5561546351701078,4
799,0.4463837462390997,1
799,0.4519085647443967,4
799,0.1017076890165037,5
800,0.3721250865065877,1
800,0.5038332179912164,4
800,0.1240416955021959,5
801,0.3817000458421239,1
801,0.4722678909537078,4
801,0.14603206320416845,5
802,0.5580561613958561,1
802,0.33122955288985817,4
802,0.11071428571428572,5
803,0.5268043025676614,1
803,0.36929959353623465,4
803,0.10389610389610388,5
804,0.6464371521547401,1
804,0.3535628478452601,4
805,0.5498015935667889,1
805,0.4501984064332111,4
806,0.6804081815447697,1
806,0.3195918184552303,4
807,0.6846161674150106,1
807,0.3153838325849893,4
808,0.34650049041768605,1
808,0.6534995095823141,4
814,0.5673758865248227,1
814,0.4326241134751773,4
852,0.3978273499386745,1
852,0.6021726500613255,5
853,0.16091954022988506,1
853,0.6453747222355439,4
853,0.19370573753457104,5
854,0.87135573156101,4
854,0.1286442684389899,5
855,0.8912133891213392,4
855,0.10878661087866108,5
856,1.0,4
857,1.0,4
858,1.0,4
859,0.11229946524064173,1
859,0.8877005347593583,4
860,0.2323232323232323,1
860,0.7676767676767676,4
861,0.26595744680851063,1
861,0.7340425531914893,4
862,0.32749805541976745,1
862,0.6725019445802325,4
863,0.4671280492751629,1
863,0.4250731701228765,4
863,0.10779878060196067,5
864,0.4049632043442953,1
864,0.4845922853799879,4
864,0.11044451027571688,5
865,0.3267647792706425,1
865,0.5422639725301649,4
865,0.13097124819919256,5
866,0.3950677319864753,1
866,0.4710548662576073,4
866,0.13387740175591736,5
867,0.6050870529416071,1
867,0.3949129470583929,4
868,0.5469171473171147,1
868,0.4530828526828853,4
869,0.633412456504734,1
869,0.366587543495266,4
870,0.5994791572667953,1
870,0.4005208427332046,4
871,0.7184765588559219,1
871,0.2815234411440781,4
872,0.5833236269610179,1
872,0.4166763730389819,4
873,0.3301530245583875,1
873,0.6698469754416125,4
874,0.5513523822452381,1
874,0.448647617754762,4
875,0.5934865102628007,1
875,0.4065134897371993,4
876,0.5203571340314126,1
876,0.4796428659685874,4
877,0.5613304323550663,1
877,0.43866956764493376,4
878,0.6062631010403677,1
878,0.3937368989596323,4
879,0.5960264900662251,1
879,0.4039735099337749,4
880,0.3884297520661157,1
880,0.10743801652892562,3
880,0.5041322314049587,4
917,0.4422083080629036,1
917,0.5577916919370964,5
918,0.1282051282051282,1
918,0.6621487286473374,4
918,0.2096461431475343,5
919,0.8565579020569503,4
919,0.1434420979430498,5
920,0.8869889829487585,4
920,0.11301101705124154,5
921,1.0,4
922,1.0,4
923,1.0,4
924,1.0,4
925,0.4883720930232559,1
925,0.5116279069767442,4
926,0.359375,1
926,0.17222234282736792,3
926,0.4684026571726321,4
927,0.17045454545454544,1
927,0.12525261296535847,3
927,0.7042928415800961,4
928,0.202020202020202,1
928,0.11133565596920757,3
928,0.6866441420105904,4
929,0.3951801552036506,1
929,0.4891450199516405,4
929,0.11567482484470902,5
930,0.4489944105490391,1
930,0.4243082601610917,4
930,0.12669732928986924,5
931,0.5485626519180128,1
931,0.34676409301897165,4
931,0.10467325506301564,5
932,0.5221685670971545,1
932,0.3659378154291876,4
932,0.11189361747365796,5
933,0.5247981324113028,1
933,0.3670886196188436,4
933,0.10811324796985376,5
934,0.7473089279765379,1
934,0.252691072023462,4
935,0.7428964659894661,1
935,0.25710353401053393,4
936,0.7226638081169036,1
936,0.27733619188309644,4
937,0.6028694011950353,1
937,0.3971305988049647,4
938,0.5103152871613065,1
938,0.4896847128386936,4
939,0.6375328176723634,1
939,0.3624671823276367,4
940,0.6433573552312793,1
940,0.35664264476872065,4
941,0.6983411167467571,1
941,0.3016588832532429,4
942,0.563187976913981,1
942,0.4368120230860188,4
943,0.6697862305622094,1
943,0.3302137694377906,4
944,0.659217877094972,1
944,0.3407821229050279,4
945,0.3884297520661157,1
945,0.10743801652892562,3
945,0.5041322314049587,4
946,0.3781512605042017,1
946,0.1092436974789916,3
946,0.5126050420168068,4
982,0.5854143088610061,1
982,0.4145856911389939,5
983,0.1780821917808219,1
983,0.7006520662259222,4
983,0.12126574199325585,5
984,0.12980769230769232,1
984,0.7369961618701185,4
984,0.1331961458221892,5
985,1.0,4
986,1.0,4
987,1.0,4
988,1.0,4
989,1.0,4
990,0.2631578947368421,1
990,0.7368421052631579,4
991,0.2727272727272728,1
991,0.7272727272727273,4
992,0.22641509433962265,1
992,0.20796660265946312,3
992,0.5656183030009141,4
993,0.2258064516129032,1
993,0.17777790227341206,3
993,0.5964156461136847,4
994,0.2432379778960746,1
994,0.1315563761425664,3
994,0.6252056459613591,4
995,0.3281331273830718,1
995,0.5369073541309327,4
995,0.1349595184859955,5
996,0.3798905980410656,1
996,0.4725245031188784,4
996,0.14758489884005602,5
997,0.5611227227532679,1
997,0.3332779851845933,4
997,0.10559929206213878,5
998,0.7786732599150279,1
998,0.2213267400849721,4
999,0.7693228198488145,1
999,0.2306771801511856,4
1000,0.6809186131652266,1
1000,0.3190813868347735,4
1001,0.6456412530644857,1
1001,0.3543587469355144,4
1002,0.6523130604851267,1
1002,0.3476869395148734,4
1003,0.5225559293913791,1
1003,0.4774440706086209,4
1004,0.6284895071447959,1
1004,0.371510492855204,4
1005,0.6480523364823321,1
1005,0.35194766351766804,4
1006,0.7082732015894974,1
1006,0.29172679841050264,4
1007,0.6308721699153282,1
1007,0.3691278300846717,4
1008,0.6664007734643338,1
1008,0.3335992265356663,4
1009,0.6592178770949721,1
1009,0.340782122905028,4
1010,0.3781512605042017,1
1010,0.1092436974789916,3
1010,0.5126050420168068,4
1011,0.7636363636363637,1
1011,0.2363636363636364,3
1046,0.7790346072826154,1
1046,0.22096539271738452,5
1047,0.26842750213517536,1
1047,0.5964213655669975,4
1047,0.13515113229782713,5
1048,0.23442668519805315,1
1048,0.6542079925951778,4
1048,0.11136532220676902,5
1049,0.11955836884794832,1
1049,0.8804416311520518,4
1050,1.0,4
1051,0.14814814814814814,1
1051,0.8518518518518517,4
1052,0.12015503875968993,1
1052,0.8798449612403101,4
1053,0.15,1
1053,0.85,4
1054,1.0,4
1055,0.35714285714285715,1
1055,0.14285714285714285,3
1055,0.5,4
1056,0.3157894736842105,1
1056,0.6842105263157895,4
1057,0.15384615384615385,1
1057,0.2826212805372192,3
1057,0.5635325656166271,4
1058,0.17073170731707318,1
1058,0.2688348766085743,3
1058,0.5604334160743525,4
1059,0.15388648191728152,1
1059,0.2207684178689427,3
1059,0.6253451002137759,4
1060,0.24545402403687985,1
1060,0.14312356060093193,3
1060,0.6114224153621882,4
1061,0.4277252939464056,1
1061,0.12286753741894922,3
1061,0.4494071686346451,4
1062,0.6604014803904596,1
1062,0.33959851960954035,4
1063,0.5931837255503281,1
1063,0.10717524700188064,3
1063,0.29964102744779125,4
1064,0.7480271878653105,1
1064,0.2519728121346895,4
1065,0.7763321386236088,1
1065,0.22366786137639125,4
1066,0.5745793116243193,1
1066,0.4254206883756808,4
1067,0.6204779426226611,1
1067,0.3795220573773388,4
1068,0.5473341293550034,1
1068,0.4526658706449966,4
1069,0.5757430183972181,1
1069,0.4242569816027818,4
1070,0.6650063883211916,1
1070,0.3349936116788084,4
1071,0.7043562022503241,1
1071,0.2956437977496758,4
1072,0.8242845968684275,1
1072,0.1757154031315726,4
1073,1.0,1
1074,0.8645833333333333,1
1074,0.13541666666666669,3
1075,0.7636363636363637,1
1075,0.2363636363636364,3
1076,0.7592592592592593,1
1076,0.24074074074074076,3
1077,0.3006842073827422,1
1077,0.4832199778860437,3
1077,0.2160958147312141,4
1078,0.2981650861175669,1
1078,0.4878919674220495,3
1078,0.2139429464603836,4
1110,1.0,1
1111,0.7504017631465826,1
1111,0.2495982368534174,5
1112,0.3450885981649083,1
1112,0.6549114018350917,4
1113,0.3291760063130651,1
1113,0.5634898333971312,4
1113,0.10733416028980368,5
1114,0.14770357637219828,1
1114,0.8522964236278018,4
1115,0.2301747549157182,1
1115,0.7698252450842817,4
1116,0.22439024390243906,1
1116,0.775609756097561,4
1117,0.18181818181818185,1
1117,0.8181818181818181,4
1118,0.1986754966887417,1
1118,0.8013245033112583,4
1119,0.1986754966887417,1
1119,0.8013245033112583,4
1120,0.4545454545454545,1
1120,0.5454545454545454,4
1121,0.3333333333333333,1
1121,0.6666666666666666,4
1122,1.0,4
1123,0.11764705882352942,1
1123,0.8823529411764706,4
1124,0.2380952380952381,3
1124,0.7619047619047619,4
1125,0.14643867137904593,1
1125,0.8535613286209541,4
1126,0.27817002130680224,1
1126,0.7218299786931979,4
1127,0.5321187520336458,1
1127,0.4678812479663543,4
1128,0.5739376418423134,1
1128,0.42606235815768656,4
1129,0.5991744028253914,1
1129,0.4008255971746085,4
1130,0.5330562133532609,1
1130,0.11887315718694215,3
1130,0.3480706294597969,4
1131,0.7721830794595491,1
1131,0.22781692054045086,4
1132,0.5970699571363398,1
1132,0.4029300428636601,4
1133,0.575886788419408,1
1133,0.4241132115805921,4
1134,0.6390793808880749,1
1134,0.36092061911192497,4
1135,0.6663330112034226,1
1135,0.3336669887965775,4
1136,0.6722620937474483,1
1136,0.32773790625255184,4
1137,0.8734177215189873,1
1137,0.12658227848101267,4
1138,1.0,1
1139,1.0,1
1140,0.2483173709543294,1
1140,0.4949943387005316,3
1140,0.25668829034513896,4
1141,0.2624519690629877,1
1141,0.5030756272432065,3
1141,0.2344724036938058,4
1142,0.2992551395998735,1
1142,0.4849572216523958,3
1142,0.2157876387477308,4
1175,0.8006213039167561,1
1175,0.19937869608324388,5
1176,1.0,1
1177,0.3885815755437854,1
1177,0.6114184244562146,4
1178,0.35821438492948393,1
1178,0.641785615070516,4
1179,0.21004094823195615,1
1179,0.7899590517680438,4
1180,0.2526304139202178,1
1180,0.7473695860797822,4
1181,0.23608468939466504,1
1181,0.7639153106053349,4
1182,0.18857142857142856,1
1182,0.8114285714285714,4
1183,0.1856287425149701,1
1183,0.81437125748503,4
1184,0.1986754966887417,1
1184,0.8013245033112583,4
1185,1.0,4
1186,1.0,4
1187,1.0,4
1188,0.22222222222222224,1
1188,0.7777777777777779,4
1189,0.19318181818181815,1
1189,0.8068181818181818,4
1190,0.3207547169811321,1
1190,0.11320754716981132,3
1190,0.5660377358490566,4
1191,0.28668060890772906,1
1191,0.7133193910922708,4
1192,0.13034083638095909,1
1192,0.8696591636190409,4
1193,0.11925088874687514,1
1193,0.8807491112531247,4
1194,0.11784314037289938,1
1194,0.8821568596271007,4
1195,0.16457822550859594,1
1195,0.835421774491404,4
1196,0.21293170673329448,1
1196,0.7870682932667056,4
1197,0.6182052637040669,1
1197,0.3817947362959331,4
1198,0.5898995673999428,1
1198,0.4101004326000573,4
1199,0.5878940518422939,1
1199,0.4121059481577061,4
1200,0.6786917497357102,1
1200,0.3213082502642897,4
1201,0.7855529000013217,1
1201,0.2144470999986784,4
1202,0.8333333333333334,1
1202,0.16666666666666669,4
1203,0.7058823529411765,1
1203,0.29411764705882354,4
1204,0.30586190960029,1
1204,0.2654434392121339,3
1204,0.4286946511875762,4
1205,0.3352998909716389,1
1205,0.3308882829445275,3
1205,0.3338118260838337,4
1206,0.34418418234474296,1
1206,0.43692515130950976,3
1206,0.21889066634574728,4
1207,1.0,1
1240,1.0,1
1241,1.0,1
1242,0.6537794298225448,1
1242,0.3462205701774553,4
1243,0.6544602648085647,1
1243,0.34553973519143544,4
1244,0.4754492097887453,1
1244,0.5245507902112548,4
1245,0.2649329757079982,1
1245,0.7350670242920018,4
1246,0.19738674659563016,1
1246,0.8026132534043698,4
1247,0.18604651162790695,1
1247,0.813953488372093,4
1248,0.18562874251497005,1
1248,0.8143712574850299,4
1249,0.18072289156626506,1
1249,0.8192771084337349,4
1250,1.0,4
1251,1.0,4
1252,0.2112676056338028,1
1252,0.7887323943661972,4
1253,0.2112676056338028,1
1253,0.7887323943661972,4
1254,0.18072289156626506,1
1254,0.8192771084337349,4
1255,0.1875,1
1255,0.8125,4
1256,0.3125,1
1256,0.6875,4
1257,0.1322314049586777,1
1257,0.8677685950413223,4
1258,0.11298864732903027,1
1258,0.8870113526709698,4
1259,0.1169035751770152,1
1259,0.8830964248229848,4
1260,0.1415189069576188,1
1260,0.8584810930423812,4
1261,0.16770473526706114,1
1261,0.8322952647329389,4
1262,0.2313680235489003,1
1262,0.7686319764510997,4
1263,0.5298975599069756,1
1263,0.4701024400930245,4
1264,0.6283888406555138,1
1264,0.3716111593444861,4
1265,0.6286243532944374,1
1265,0.3713756467055625,4
1266,0.5548598400924766,1
1266,0.4451401599075235,4
1267,0.6470588235294118,1
1267,0.35294117647058826,4
1268,0.7083333333333334,1
1268,0.2916666666666667,4
1269,0.75,1
1269,0.25,4
1270,0.5,1
1270,0.5,4
1271,1.0,1
1272,1.0,1
1273,1.0,1
1305,0.8924344026556902,1
1305,0.10756559734430993,5
1306,1.0,1
1307,0.6500784809956145,1
1307,0.3499215190043855,4
1308,0.6790288354522839,1
1308,0.3209711645477162,4
1309,0.5187523046851655,1
1309,0.4812476953148345,4
1310,0.6180292645987084,1
1310,0.3819707354012916,4
1311,0.19040270045716698,1
1311,0.809597299542833,4
1312,0.19186046511627908,1
1312,0.8081395348837209,4
1313,0.6595744680851063,1
1313,0.3404255319148936,4
1314,0.6666666666666666,1
1314,0.3333333333333333,4
1315,1.0,4
1316,1.0,4
1317,0.25,1
1317,0.75,4
1318,0.2459016393442623,1
1318,0.7540983606557377,4
1319,0.2027027027027027,1
1319,0.7972972972972973,4
1320,0.16853932584269662,1
1320,0.8314606741573034,4
1321,0.3191489361702128,1
1321,0.6808510638297872,4
1322,0.12605042016806722,1
1322,0.8739495798319328,4
1323,1.0,4
1324,1.0,4
1325,1.0,4
1326,1.0,4
1327,1.0,4
1328,0.392510202690936,1
1328,0.6074897973090639,4
1329,0.523346936921248,1
1329,0.4766530630787521,4
1330,0.597778417574471,1
1330,0.4022215824255289,4
1331,0.4933803729261802,1
1331,0.3524382605343884,4
1331,0.15418136653943132,6
1332,0.5510204081632654,1
1332,0.2448979591836735,4
1332,0.20408163265306126,6
1333,0.3928571428571428,1
1333,0.25,4
1333,0.35714285714285715,6
1334,0.5,1
1334,0.5,6
1335,0.75,1
1335,0.25,4
1336,0.75,1
1336,0.25,4
1337,1.0,1
1338,1.0,1
1370,0.8370279927861798,1
1370,0.16297200721382016,5
1371,0.8968192617283124,1
1371,0.1031807382716877,5
1372,1.0,1
1373,0.6414989720938298,1
1373,0.3585010279061702,4
1374,0.4547007022154878,1
1374,0.5452992977845122,4
1375,0.4823555729545309,1
1375,0.517644427045469,4
1376,0.6558436620789275,1
1376,0.3441563379210724,4
1377,0.6875,1
1377,0.3125,4
1378,0.6739130434782609,1
1378,0.32608695652173914,4
1379,1.0,4
1380,1.0,4
1381,1.0,4
1382,0.2542372881355933,1
1382,0.7457627118644068,4
1383,0.2542372881355933,1
1383,0.7457627118644068,4
1384,0.25,1
1384,0.75,4
1385,0.1724137931034483,1
1385,0.8275862068965518,4
1386,0.3333333333333333,1
1386,0.6666666666666666,4
1387,0.1271186440677966,1
1387,0.8728813559322034,4
1388,1.0,4
1389,1.0,4
1390,0.1686866135222554,3
1390,0.8313133864777446,4
1391,0.10844875246034273,3
1391,0.8915512475396573,4
1392,1.0,4
1393,0.17998721961408046,1
1393,0.8200127803859195,4
1394,0.502217911130971,1
1394,0.497782088869029,4
1395,0.4049466699698031,1
1395,0.4022215824255289,4
1395,0.19283174760466806,6
1396,0.5510204081632654,1
1396,0.2448979591836735,4
1396,0.20408163265306126,6
1397,0.2894736842105263,1
1397,0.4473684210526317,4
1397,0.2631578947368421,6
1398,0.22916666666666666,1
1398,0.20833333333333331,3
1398,0.3541666666666667,4
1398,0.20833333333333331,6
1399,0.22916666666666666,1
1399,0.20833333333333331,3
1399,0.3541666666666667,4
1399,0.20833333333333331,6
1400,0.3333333333333333,1
1400,0.3636363636363637,4
1400,0.30303030303030304,6
1401,1.0,1
1402,1.0,1
1403,1.0,1
1404,1.0,1
1405,1.0,1
1435,1.0,1
1436,0.8370279927861798,1
1436,0.16297200721382016,5
1437,0.8634114742247777,1
1437,0.13658852577522226,5
1438,0.8704048456776435,1
1438,0.1295951543223564,5
1439,0.6168557165539008,1
1439,0.2379306383649805,4
1439,0.14521364508111875,5
1440,0.15000000000000002,1
1440,0.8500000000000001,4
1441,0.16666666666666666,1
1441,0.8333333333333333,4
1442,0.1176470588235294,1
1442,0.8823529411764706,4
1443,1.0,4
1444,1.0,4
1445,0.25237331616003017,1
1445,0.7476266838399698,4
1446,1.0,4
1447,1.0,4
1448,0.2542372881355933,1
1448,0.7457627118644068,4
1449,0.2542372881355932,1
1449,0.7457627118644068,4
1450,0.7894736842105263,1
1450,0.10526315789473684,3
1450,0.10526315789473684,4
1451,0.3409090909090909,1
1451,0.6590909090909091,4
1452,1.0,4
1453,0.1875,3
1453,0.8125,4
1454,0.16868661352225536,3
1454,0.8313133864777446,4
1455,0.16868661352225536,3
1455,0.8313133864777446,4
1456,0.17595758824304225,3
1456,0.8240424117569577,4
1457,0.4978312252729976,3
1457,0.5021687747270024,4
1458,1.0,4
1459,1.0,4
1460,0.33333333333333337,1
1460,0.6666666666666667,6
1461,0.2972972972972973,1
1461,0.2432432432432433,3
1461,0.1891891891891892,4
1461,0.27027027027027034,6
1462,0.2894736842105263,1
1462,0.4473684210526316,4
1462,0.2631578947368421,6
1463,0.22916666666666666,1
1463,0.20833333333333331,3
1463,0.3541666666666667,4
1463,0.20833333333333331,6
1464,0.22916666666666666,1
1464,0.20833333333333331,3
1464,0.3541666666666667,4
1464,0.20833333333333331,6
1465,0.1956521739130435,1
1465,0.2173913043478261,3
1465,0.3695652173913044,4
1465,0.2173913043478261,6
1466,0.5806451612903225,1
1466,0.4193548387096774,4
1467,0.5293630234728409,1
1467,0.21762492833438804,3
1467,0.2530120481927711,4
1468,0.5293630234728409,1
1468,0.21762492833438804,3
1468,0.2530120481927711,4
1469,0.5293630234728409,1
1469,0.21762492833438804,3
1469,0.2530120481927711,4
1470,1.0,1
1471,0.8666666666666667,1
1471,0.13333333333333333,2
1500,1.0,1
1502,0.5,1
1502,0.5,4
1503,1.0,1
1504,1.0,1
1505,1.0,1
1506,1.0,4
1507,1.0,4
1508,0.2964876689740804,1
1508,0.7035123310259197,4
1509,0.2850766429526817,1
1509,0.7149233570473184,4
1510,0.26447670858263506,1
1510,0.7355232914173649,4
1511,0.25954047917435424,1
1511,0.7404595208256458,4
1512,1.0,4
1513,1.0,4
1514,1.0,1
1515,1.0,1
1516,0.2441130097858839,1
1516,0.7558869902141161,4
1517,1.0,4
1518,0.5555555555555556,3
1518,0.4444444444444444,4
1519,0.20208990332864255,3
1519,0.7979100966713574,4
1520,0.20208990332864255,3
1520,0.7979100966713574,4
1521,0.4978312252729976,3
1521,0.5021687747270024,4
1522,0.4437191355694109,3
1522,0.5562808644305891,4
1523,1.0,4
1524,1.0,4
1525,0.10869565217391304,1
1525,0.673913043478261,4
1525,0.21739130434782608,6
1526,0.2820512820512821,1
1526,0.2435897435897436,3
1526,0.3461538461538461,4
1526,0.12820512820512822,6
1527,0.3,1
1527,0.22222222222222215,3
1527,0.4777777777777778,4
1528,0.1818181818181818,1
1528,0.22727272727272724,3
1528,0.4772727272727272,4
1528,0.11363636363636362,6
1529,0.2297297297297297,1
1529,0.20270270270270271,3
1529,0.4324324324324324,4
1529,0.13513513513513514,6
1530,0.31070148145808346,1
1530,0.21202579126918925,3
1530,0.3636363636363636,4
1530,0.11363636363636362,6
1531,0.3763499516550183,1
1531,0.4299000483449817,3
1531,0.19375,4
1532,0.4900888459155718,1
1532,0.3932444874177615,3
1532,0.11666666666666667,4
1533,0.4961611159293962,1
1533,0.3750045282423829,3
1533,0.12883435582822084,4
1534,0.5328891871916661,1
1534,0.30921607596622863,3
1534,0.15789473684210525,4
1535,0.6911549518523712,1
1535,0.30884504814762875,3
1536,0.689922480620155,1
1536,0.3100775193798449,3
1564,1.0,1
1565,1.0,1
1566,1.0,1
1567,1.0,4
1568,1.0,4
1569,1.0,4
1570,1.0,4
1571,1.0,4
1572,1.0,4
1573,1.0,4
1574,0.4971432565128521,1
1574,0.5028567434871479,5
1575,0.6428571428571429,4
1575,0.35714285714285715,5
1576,0.6428571428571429,4
1576,0.35714285714285715,5
1577,0.6491228070175439,4
1577,0.3508771929824562,5
1578,1.0,4
1579,1.0,4
1580,1.0,4
1581,0.1047581691458143,1
1581,0.11263313520201178,3
1581,0.7826086956521741,4
1582,0.10951990410698767,1
1582,0.11775282316573958,3
1582,0.7727272727272727,4
1583,0.6347346254338436,3
1583,0.3652653745661564,4
1584,0.5158410492623781,3
1584,0.4841589507376219,4
1585,0.3292109715514984,3
1585,0.6707890284485016,4
1586,0.28748000332666057,3
1586,0.7125199966733394,4
1587,0.1334057531777314,3
1587,0.8665942468222686,4
1588,1.0,4
1589,1.0,4
1590,0.1238095238095238,1
1590,0.21904761904761907,3
1590,0.6571428571428571,4
1591,0.18750000000000006,1
1591,0.2857142857142857,3
1591,0.5267857142857144,4
1592,0.18055555555555555,1
1592,0.3796775362318827,3
1592,0.4397669082125617,4
1593,0.21686746987951808,1
1593,0.407672079622838,3
1593,0.3754604504976438,4
1594,0.2394570738580737,1
1594,0.421722844470054,3
1594,0.3388200816718723,4
1595,0.2801285820610139,1
1595,0.4180962700099921,3
1595,0.3017751479289941,4
1596,0.3870568791252152,1
1596,0.4259512509560856,3
1596,0.1869918699186992,4
1597,0.4748083480858252,1
1597,0.5251916519141747,3
1598,0.4948216231978626,1
1598,0.5051783768021374,3
1599,0.6195201040291838,1
1599,0.38047989597081616,3
1600,0.6450257242431005,1
1600,0.3549742757568995,3
1601,0.6803048330121964,1
1601,0.3196951669878036,3
1602,0.7379365930985712,1
1602,0.10301238360466683,2
1602,0.15905102329676205,3
1603,0.813953488372093,1
1603,0.18604651162790695,3
1604,0.8534798534798534,1
1604,0.14652014652014653,3
1628,1.0,1
1629,1.0,1
1630,1.0,1
1631,0.8987610702568826,1
1631,0.1012389297431174,4
1632,0.4633831939782256,1
1632,0.5366168060217743,4
1633,0.4371757642989978,1
1633,0.5628242357010023,4
1634,0.3962264150943396,1
1634,0.6037735849056604,4
1635,1.0,4
1636,1.0,4
1637,0.3967536980045679,1
1637,0.603246301995432,4
1638,0.2647995216316251,1
1638,0.4793865248800028,4
1638,0.2558139534883721,5
1639,0.18296436017075424,1
1639,0.6321616902494138,4
1639,0.18487394957983194,5
1640,0.25919951024190185,1
1640,0.4312766802342886,4
1640,0.3095238095238095,5
1641,0.5609219365299983,1
1641,0.2585225079144461,4
1641,0.18055555555555555,5
1642,0.488,1
1642,0.304,4
1642,0.20800000000000002,5
1643,0.6578947368421053,4
1643,0.34210526315789475,5
1644,0.34469942821820543,1
1644,0.6553005717817945,4
1645,0.15511474269819245,1
1645,0.7198852573018075,4
1645,0.12500000000000006,5
1646,0.14385124258923154,1
1646,0.7485799760956373,4
1646,0.10756878131513108,5
1647,0.15031909952703604,1
1647,0.8496809004729641,4
1648,0.1301370410643479,3
1648,0.8698629589356521,4
1649,0.20988707333051035,3
1649,0.7901129266694897,4
1650,0.22420817152025727,3
1650,0.7757918284797428,4
1651,0.1127683990949884,3
1651,0.8872316009050115,4
1652,0.7625706041130791,4
1652,0.23742939588692105,6
1653,0.7904345262575568,4
1653,0.2095654737424432,6
1654,0.7916666666666666,4
1654,0.2083333333333333,6
1655,0.7787610619469028,4
1655,0.22123893805309736,6
1656,0.10952380952380952,1
1656,0.3222550724637672,3
1656,0.5682211180124234,4
1657,0.16574585635359118,1
1657,0.3959865481623819,3
1657,0.43826759548402705,4
1658,0.1657754010695187,1
1658,0.4634950011625194,3
1658,0.3707295977679619,4
1659,0.2458144256604209,1
1659,0.4485338011478329,3
1659,0.305651773191746,4
1660,0.1941268776701048,1
1660,0.5536475054086254,3
1660,0.2522256169212699,4
1661,0.411253702480608,1
1661,0.4171045064746159,3
1661,0.17164179104477612,4
1662,0.4655527135406223,1
1662,0.5344472864593776,3
1663,0.5507491284323208,1
1663,0.4492508715676791,3
1664,0.5430704773721232,1
1664,0.4569295226278767,3
1665,0.5643230768283782,1
1665,0.43567692317162177,3
1666,0.5323703612883416,1
1666,0.1137093358937086,2
1666,0.35392030281794995,3
1667,0.5665554420831352,1
1667,0.10840601968903593,2
1667,0.3250385382278288,3
1668,0.8530691005223809,1
1668,0.14693089947761914,3
1669,0.8534798534798536,1
1669,0.14652014652014653,3
1670,1.0,1
1692,1.0,1
1693,1.0,1
1694,0.5000000000000001,1
1694,0.33333333333333337,4
1694,0.16666666666666669,6
1695,1.0,1
1696,1.0,1
1697,0.6080010396494163,1
1697,0.3919989603505837,4
1698,0.5142113138542236,1
1698,0.4857886861457763,4
1699,0.4797128402669944,1
1699,0.5202871597330058,4
1700,0.22321428571428573,1
1700,0.7767857142857142,4
1701,0.125,1
1701,0.8750000000000001,4
1702,0.4180626165831547,1
1702,0.5819373834168453,4
1703,0.2848788005972253,1
1703,0.4378934766304975,4
1703,0.2772277227722772,5
1704,0.17740864821134145,1
1704,0.5763226950722407,4
1704,0.24626865671641796,5
1705,0.5305946080789727,1
1705,0.2386361611517964,4
1705,0.23076923076923075,5
1706,0.5047119442702424,1
1706,0.30626366548585515,4
1706,0.1890243902439024,5
1707,0.4421768707482993,1
1707,0.34693877551020397,4
1707,0.21088435374149656,5
1708,0.4777261121375049,1
1708,0.3929206540316493,4
1708,0.12935323383084574,5
1709,0.13866272861287826,1
1709,0.745232402473264,4
1709,0.11610486891385767,5
1710,0.1971185716349887,1
1710,0.8028814283650114,4
1711,0.19888321124463426,1
1711,0.8011167887553657,4
1712,0.1848196427723316,1
1712,0.8151803572276685,4
1713,0.18108688514752613,1
1713,0.8189131148524739,4
1714,0.2397722712031169,1
1714,0.7602277287968832,4
1715,0.15101595843384782,3
1715,0.8489840415661521,4
1716,0.7921766303739741,4
1716,0.207823369626026,6
1717,0.8046875,4
1717,0.1953125,6
1718,0.7967479674796748,4
1718,0.20325203252032525,6
1719,0.8106060606060606,4
1719,0.18939393939393934,6
1720,0.7872340425531915,4
1720,0.2127659574468085,6
1721,0.2289568498769476,3
1721,0.5823639048400335,4
1721,0.18867924528301888,6
1722,0.16591928251121074,1
1722,0.3124375121856104,3
1722,0.5216432053031789,4
1723,0.17740628166160066,1
1723,0.4637578256464467,3
1723,0.3588358926919527,4
1724,0.21414098361176195,1
1724,0.5079016924671721,3
1724,0.27795732392106604,4
1725,0.24669659457382465,1
1725,0.569564832404993,3
1725,0.18373857302118232,4
1726,0.37613075927682216,1
1726,0.5104843790387097,3
1726,0.1133848616844682,4
1727,0.2997509158815891,1
1727,0.5860259592438274,3
1727,0.1142231248745834,4
1728,0.5955399084698735,1
1728,0.4044600915301266,3
1729,0.5398137283415443,1
1729,0.4601862716584556,3
1730,0.5661153391467447,1
1730,0.4338846608532553,3
1731,0.5271668040450315,1
1731,0.11382915605798015,2
1731,0.3590040398969883,3
1732,0.6692055161714482,1
1732,0.3307944838285518,3
1733,0.6279071283478865,1
1733,0.1840355850503988,3
1733,0.1880572866017147,4
1734,0.598924723640649,1
1734,0.4010752763593512,4
1735,0.5488913696052639,1
1735,0.4511086303947361,4
1757,1.0,1
1758,1.0,1
1759,0.5555555555555556,1
1759,0.2222222222222222,4
1759,0.2222222222222222,6
1760,1.0,1
1761,1.0,1
1762,0.8590401048059679,1
1762,0.140959895194032,6
1763,0.4860327416362778,1
1763,0.5139672583637221,4
1764,0.4765899150255103,1
1764,0.5234100849744897,4
1765,0.21600000000000003,1
1765,0.784,4
1766,0.14545454545454545,1
1766,0.8545454545454545,4
1767,0.4710462935638339,1
1767,0.528953706436166,4
1768,0.3519713173479624,1
1768,0.4002410720325685,4
1768,0.24778761061946905,5
1769,0.4412151868284603,1
1769,0.376092505479232,4
1769,0.18269230769230768,5
1770,0.4344000909857085,1
1770,0.3857295023440369,4
1770,0.17987040667025456,5
1771,0.4986940164386193,1
1771,0.2944094318372428,4
1771,0.20689655172413796,5
1772,0.3952661698632246,1
1772,0.4618766872796324,4
1772,0.14285714285714285,5
1773,0.3907632564144749,1
1773,0.4085198977073889,4
1773,0.2007168458781362,5
1774,0.3396353537060389,1
1774,0.6603646462939611,4
1775,0.21474896820460812,1
1775,0.7852510317953919,4
1776,0.1998277678407436,1
1776,0.8001722321592565,4
1777,0.2654216193377396,1
1777,0.7345783806622604,4
1778,0.2654216193377395,1
1778,0.7345783806622604,4
1779,0.2502288542817309,1
1779,0.7497711457182691,4
1780,0.2445381408708465,1
1780,0.7554618591291534,4
1781,0.18705035971223025,1
1781,0.6330935251798561,4
1781,0.17985611510791366,6
1782,0.8154981549815498,4
1782,0.18450184501845016,6
1783,0.8098859315589354,4
1783,0.19011406844106465,6
1784,0.8181818181818181,4
1784,0.1818181818181818,6
1785,0.8134328358208955,4
1785,0.1865671641791045,6
1786,0.2280961098398162,3
1786,0.5839339653481537,4
1786,0.1879699248120301,6
1787,0.1686746987951807,1
1787,0.3159580932425346,3
1787,0.5153672079622846,4
1788,0.2362103174603173,1
1788,0.4624295376121457,3
1788,0.301360144927537,4
1789,0.2653484106049731,1
1789,0.4825855149053893,3
1789,0.2520660744896376,4
1790,0.2582276885005121,1
1790,0.5638533837453191,3
1790,0.17791892775416876,4
1791,0.31568980538550545,1
1791,0.5693769859601492,3
1791,0.11493320865434532,4
1792,0.4078511026726831,1
1792,0.5921488973273168,3
1793,0.5233816698887619,1
1793,0.4766183301112382,3
1794,0.5521438414650877,1
1794,0.4478561585349123,3
1795,0.5631396822841611,1
1795,0.436860317715839,3
1796,0.5003111692906359,1
1796,0.1194954304192734,2
1796,0.3801934002900906,3
1797,0.5541481389887158,1
1797,0.2551853190804312,3
1797,0.19066654193085286,4
1798,0.6245962099288822,1
1798,0.18663254013559208,3
1798,0.18877124993552571,4
1799,0.5989247236406489,1
1799,0.4010752763593511,4
1800,0.6781156589339296,1
1800,0.32188434106607056,4
1801,0.6415701072835605,1
1801,0.3584298927164397,4
1822,0.4379630206309592,1
1822,0.4540539113120512,4
1822,0.10798306805698957,6
1823,0.7142857142857143,1
1823,0.2857142857142857,6
1824,0.5555555555555556,1
1824,0.2222222222222222,4
1824,0.2222222222222222,6
1825,1.0,1
1826,0.8590401048059679,1
1826,0.140959895194032,6
1827,0.8590401048059679,1
1827,0.140959895194032,6
1828,0.3964631383855031,1
1828,0.6035368616144969,4
1829,0.3823583602026721,1
1829,0.617641639797328,4
1830,0.3282353714629393,1
1830,0.6717646285370605,4
1831,0.29299696745098425,1
1831,0.7070030325490158,4
1832,0.451994047152086,1
1832,0.548005952847914,4
1833,0.5107783911321292,1
1833,0.3118970962408181,4
1833,0.1773245126270526,5
1834,0.36987338159994826,1
1834,0.5226486648622619,4
1834,0.1074779535377898,5
1835,0.2891805361671373,1
1835,0.6054209772244342,4
1835,0.10539848660842846,5
1836,0.3062449882784701,1
1836,0.5809953871948739,4
1836,0.11275962452665593,5
1837,0.26755788251448165,1
1837,0.6274510496633801,4
1837,0.10499106782213836,5
1838,0.3374937071768052,1
1838,0.4907271517189004,4
1838,0.17177914110429449,5
1839,0.2746520561547792,1
1839,0.7253479438452209,4
1840,0.16082547286005042,1
1840,0.8391745271399497,4
1841,0.18433823407553046,1
1841,0.8156617659244696,4
1842,0.2825822156725515,1
1842,0.7174177843274485,4
1843,0.2536903222212744,1
1843,0.7463096777787256,4
1844,0.2286752055056389,1
1844,0.7713247944943611,4
1845,0.3058923585239368,1
1845,0.6941076414760633,4
1846,0.1733333333333333,1
1846,0.66,4
1846,0.16666666666666669,6
1847,0.8214285714285714,4
1847,0.17857142857142858,6
1848,0.8181818181818182,4
1848,0.18181818181818185,6
1849,0.8220640569395018,4
1849,0.17793594306049826,6
1850,0.8168498168498168,4
1850,0.1831501831501832,6
1851,0.11163386344574937,1
1851,0.249076061227172,3
1851,0.4873143914365012,4
1851,0.15197568389057753,6
1852,0.2026134736873089,1
1852,0.3235001532053145,3
1852,0.4738863731073766,4
1853,0.2376293387548719,1
1853,0.3913897202087962,3
1853,0.3709809410363317,4
1854,0.2294527631902923,1
1854,0.4914745765296776,3
1854,0.2790726602800301,4
1855,0.22935928830647345,1
1855,0.540256945113628,3
1855,0.23038376657989856,4
1856,0.3126974072706094,1
1856,0.5795379710251743,3
1856,0.10776462170421627,4
1857,0.4019224457361117,1
1857,0.5980775542638882,3
1858,0.3208577382811785,1
1858,0.5573286747890998,3
1858,0.12181358692972175,4
1859,0.5547767106334749,1
1859,0.4452232893665251,3
1860,0.16601999356551062,1
1860,0.12208451198599066,3
1860,0.7118954944484988,4
1861,0.16857190926357546,1
1861,0.12574749325125875,3
1861,0.7056805974851659,4
1862,0.1865879505961457,1
1862,0.10510993940971727,3
1862,0.7083021099941371,4
1863,0.18718426444752104,1
1863,0.8128157355524789,4
1864,0.5931820526411278,1
1864,0.4068179473588722,4
1865,0.6744272777222637,1
1865,0.3255727222777363,4
1866,0.6552390484488005,1
1866,0.3447609515511995,4
1867,0.6239498078004415,1
1867,0.3760501921995585,4
1887,0.4139523791497264,1
1887,0.4678933743463643,4
1887,0.11815424650390925,6
1888,0.6,1
1888,0.4,6
1889,0.7142857142857143,1
1889,0.2857142857142857,6
1890,1.0,1
1891,0.8566072961502219,1
1891,0.14339270384977812,6
1892,0.7984184563804503,1
1892,0.20158154361954966,6
1893,0.4162090122711735,1
1893,0.5837909877288266,4
1894,0.3952980076905166,1
1894,0.4980507662510161,4
1894,0.10665122605846716,6
1895,0.3634003965522112,1
1895,0.5306636840039984,4
1895,0.10593591944379033,6
1896,0.3279498256408599,1
1896,0.6720501743591399,4
1897,0.4886202490221024,1
1897,0.5113797509778976,4
1898,0.3868654783450337,1
1898,0.6131345216549662,4
1899,0.4224176062672659,1
1899,0.4760483501500565,4
1899,0.10153404358267762,5
1900,0.3381144580278933,1
1900,0.6618855419721067,4
1901,0.2877763461818561,1
1901,0.7122236538181439,4
1902,0.266116594920885,1
1902,0.6291389816096928,4
1902,0.104744423469422,5
1903,0.3206248123455665,1
1903,0.6793751876544335,4
1904,0.30830715143387044,1
1904,0.6916928485661294,4
1905,0.16342313994960025,1
1905,0.8365768600503998,4
1906,0.16134726684773815,1
1906,0.8386527331522617,4
1907,0.2608472675768149,1
1907,0.7391527324231851,4
1908,0.2461015595866673,1
1908,0.7538984404133326,4
1909,0.22807655024372905,1
1909,0.7719234497562709,4
1910,0.2629107981220657,1
1910,0.7370892018779344,4
1911,0.21400778210116733,1
1911,0.7859922178988327,4
1912,0.17571884984025554,1
1912,0.6645367412140574,4
1912,0.1597444089456869,6
1913,0.8305084745762712,4
1913,0.1694915254237288,6
1914,0.8201438848920863,4
1914,0.17985611510791366,6
1915,0.11290939883861754,1
1915,0.16111195347454968,3
1915,0.5480427046263345,4
1915,0.17793594306049826,6
1916,0.12161580072779665,1
1916,0.3136862344248393,3
1916,0.4317192414431088,4
1916,0.13297872340425534,6
1917,0.15078597438160612,1
1917,0.4611599646723268,3
1917,0.3880540609460672,4
1918,0.16417828146385707,1
1918,0.5003252110521793,3
1918,0.33549650748396354,4
1919,0.1722211866843225,1
1919,0.5929527263591551,3
1919,0.2348260869565224,4
1920,0.25426213535704073,1
1920,0.4988181084044575,3
1920,0.24691975623850165,4
1921,0.3541412967917816,1
1921,0.4911867025550778,3
1921,0.15467200065314066,4
1922,0.3716511657283317,1
1922,0.4715658431399407,3
1922,0.15678299113172756,4
1923,0.4710156855052624,1
1923,0.3580248673620656,3
1923,0.1709594471326722,4
1924,0.3832147120322757,1
1924,0.4846117883991796,3
1924,0.13217349956854474,4
1925,0.1540846081713188,1
1925,0.11935603748620299,3
1925,0.7265593543424782,4
1926,0.15454059868967995,1
1926,0.1051989586378262,3
1926,0.7402604426724938,4
1927,1.0,4
1928,0.11225458575478356,1
1928,0.8877454142452164,4
1929,0.13049540974758522,1
1929,0.8695045902524148,4
1930,0.6925457238796542,1
1930,0.30745427612034576,4
1931,0.6906327689423554,1
1931,0.3093672310576445,4
1932,0.6882078378127848,1
1932,0.3117921621872153,4
1933,1.0,1
1956,0.8430646623654792,1
1956,0.15693533763452094,6
1957,0.772082297062717,1
1957,0.2279177029372829,6
1958,0.4331110004086939,1
1958,0.4180476235069468,4
1958,0.1488413760843593,6
1959,0.3739089081517793,1
1959,0.4713336606881418,4
1959,0.15475743116007898,6
1960,0.4461795327663581,1
1960,0.4183253720101361,4
1960,0.13549509522350586,6
1961,0.4831892210404334,1
1961,0.39879196982306775,4
1961,0.11801880913649875,6
1962,0.3116074592107743,1
1962,0.2729870081624872,3
1962,0.4154055326267386,4
1963,0.22295342506733587,1
1963,0.2828066569879427,3
1963,0.4942399179447214,4
1964,0.1891940913417587,1
1964,0.2819398620739654,3
1964,0.5288660465842758,4
1965,0.3826609868020145,1
1965,0.6173390131979856,4
1966,0.3201505377555994,1
1966,0.6798494622444006,4
1967,0.2657299395018045,1
1967,0.7342700604981957,4
1968,0.27065131264198405,1
1968,0.7293486873580161,4
1969,0.2400923185708943,1
1969,0.7599076814291057,4
1970,0.2336460164167188,1
1970,0.7663539835832812,4
1971,0.16141309436392168,1
1971,0.8385869056360783,4
1972,0.246508808299208,1
1972,0.753491191700792,4
1973,0.2946411532340251,1
1973,0.7053588467659749,4
1974,0.3224095779591536,1
1974,0.6775904220408464,4
1975,0.35055464769489136,1
1975,0.6494453523051086,4
1976,0.3596151368760056,1
1976,0.6403848631239945,4
1977,0.12280701754385966,1
1977,0.8771929824561403,4
1978,0.7206703910614526,4
1978,0.2793296089385475,6
1979,0.15413970187229373,3
1979,0.6544891899540171,4
1979,0.1913711081736892,6
1980,0.11792846529248788,1
1980,0.3191344717704492,3
1980,0.5629370629370629,4
1981,0.19108839636726094,1
1981,0.3853821918680333,3
1981,0.4235294117647059,4
1982,0.17471695731895132,1
1982,0.4229392926810487,3
1982,0.4023437500000001,4
1983,0.22094612360853927,1
1983,0.5204331867362882,3
1983,0.2586206896551724,4
1984,0.21443580101622906,1
1984,0.5236594370790091,3
1984,0.2619047619047619,4
1985,0.2757618357185953,1
1985,0.5245461636988195,3
1985,0.19969200058258527,4
1986,0.3709395590592425,1
1986,0.4681442149240052,3
1986,0.16091622601675226,4
1987,0.4596638151905874,1
1987,0.3619041418249218,3
1987,0.1784320429844907,4
1988,0.55967323202187,1
1988,0.2643717182929081,3
1988,0.17595504968522194,4
1989,1.0,4
1990,1.0,4
1991,1.0,4
1992,1.0,4
1993,0.10844923740747617,1
1993,0.8915507625925239,4
1994,0.10773046818433574,1
1994,0.8922695318156643,4
1995,0.5240629916016749,1
1995,0.4759370083983252,4
1996,0.7322765889208052,1
1996,0.2677234110791948,4
1997,1.0,1
1998,1.0,1
2023,0.6932448526029413,1
2023,0.3067551473970586,6
2024,0.6061807855729628,1
2024,0.3938192144270373,6
2025,0.7400214073461708,1
2025,0.2599785926538292,6
2026,0.4348648299232845,1
2026,0.3018591048509843,3
2026,0.2632760652257313,4
2027,0.21671783053978425,1
2027,0.2478921508342508,3
2027,0.2729695193845037,4
2027,0.2624204992414612,6
2028,0.17403374192004262,1
2028,0.28605808255728643,3
2028,0.32289120832015006,4
2028,0.21701696720252087,6
2029,0.1472293995572239,1
2029,0.2432277720495889,3
2029,0.427386732779832,4
2029,0.1821560956133553,6
2030,0.122777837441801,1
2030,0.2526055876264098,3
2030,0.4479092771355385,4
2030,0.17670729779625075,6
2031,0.16694298188962875,1
2031,0.2132699952695023,3
2031,0.6197870228408691,4
2032,0.12649622172711644,1
2032,0.16921198195784135,3
2032,0.7042917963150421,4
2033,0.17391578282422832,1
2033,0.8260842171757717,4
2034,0.17675304165608705,1
2034,0.8232469583439129,4
2035,0.17822964241516193,1
2035,0.8217703575848382,4
2036,0.14622650981867008,1
2036,0.85377349018133,4
2037,0.2206111000586299,1
2037,0.7793888999413701,4
2038,0.3420621858575436,1
2038,0.6579378141424563,4
2039,0.3472616551328521,1
2039,0.6527383448671479,4
2040,0.3465767469688036,1
2040,0.6534232530311965,4
2041,0.32762945110482045,1
2041,0.6723705488951796,4
2042,0.18048780487804875,1
2042,0.8195121951219512,4
2043,0.18799721105592548,3
2043,0.8120027889440745,4
2044,0.13330735907467056,1
2044,0.2388899503423698,3
2044,0.6278026905829596,4
2045,0.10269459656907977,1
2045,0.4454535515790684,3
2045,0.4518518518518518,4
2046,0.16511498612597714,1
2046,0.4567931410825034,3
2046,0.37809187279151946,4
2047,0.15448493605963354,1
2047,0.523303691395024,3
2047,0.32221137254534243,4
2048,0.15085926028994284,1
2048,0.5848231970678858,3
2048,0.2643175426421713,4
2049,0.2449095297159837,1
2049,0.5125220567405849,3
2049,0.24256841354343125,4
2050,0.3727045273534657,1
2050,0.4441840435545608,3
2050,0.18311142909197345,4
2051,0.5228991129525916,1
2051,0.3242573813993896,3
2051,0.15284350564801888,4
2052,0.5474176264019789,1
2052,0.263569328156147,3
2052,0.18901304544187406,4
2053,0.6189662705571669,1
2053,0.22167075381222226,3
2053,0.15936297563061078,4
2054,0.10866852432007557,1
2054,0.8913314756799244,4
2055,1.0,4
2056,0.1031699884878626,1
2056,0.8968300115121374,4
2057,0.114491634274728,1
2057,0.8855083657252721,4
2058,0.12592936802973978,1
2058,0.8740706319702602,4
2059,0.10839817173674007,1
2059,0.89160182826326,4
2060,0.4925267253057423,1
2060,0.5074732746942578,4
2061,1.0,1
2062,1.0,1
2063,1.0,1
2088,0.5630716227543385,1
2088,0.43692837724566136,6
2089,0.6027998977208747,1
2089,0.3972001022791252,6
2090,0.7684998337404246,1
2090,0.23150016625957534,6
2091,0.4027192047774386,1
2091,0.5972807952225614,6
2092,0.20039556874743347,1
2092,0.25688464121830096,3
2092,0.2756165483411916,4
2092,0.2671032416930739,6
2093,0.1850767747218569,1
2093,0.2966219365512242,3
2093,0.2817297615593952,4
2093,0.2365715271675237,6
2094,0.1531245924084616,1
2094,0.2531284467214114,3
2094,0.406917193041271,4
2094,0.18682976782885607,6
2095,0.11636869461133545,1
2095,0.24836821388319774,3
2095,0.4642978364065283,4
2095,0.1709652550989383,6
2096,0.12005728590356204,1
2096,0.16248398663745264,3
2096,0.5374200259595141,4
2096,0.18003870149947113,6
2097,0.11499181449738205,1
2097,0.1693816403686872,3
2097,0.7156265451339308,4
2098,0.16271363791385446,1
2098,0.15999743840337116,3
2098,0.6772889236827744,4
2099,0.201124585039148,1
2099,0.16170542938397622,3
2099,0.6371699855768759,4
2100,0.12897104656904845,1
2100,0.1234768507929138,3
2100,0.7475521026380377,4
2101,1.0,4
2102,0.14400280879528346,1
2102,0.8559971912047165,4
2103,0.17052556090018228,1
2103,0.8294744390998178,4
2104,0.15414247359766198,1
2104,0.845857526402338,4
2105,0.2406736509209502,1
2105,0.7593263490790498,4
2106,0.2638955940546452,1
2106,0.7361044059453548,4
2107,0.3128838969466929,1
2107,0.6871161030533071,4
2108,0.21739130434782608,1
2108,0.18972332015810275,3
2108,0.5928853754940712,4
2109,0.1617041499899785,1
2109,0.30554475830696465,3
2109,0.5327510917030567,4
2110,0.11567136604533672,1
2110,0.4991146261725621,3
2110,0.3852140077821012,4
2111,0.1376917557432538,1
2111,0.5689704111420698,3
2111,0.2933378331146765,4
2112,0.13026689351723028,1
2112,0.5667618678442901,3
2112,0.3029712386384797,4
2113,0.14370217209417127,1
2113,0.6381388144673968,3
2113,0.21815901343843194,4
2114,0.2676287725758785,1
2114,0.5466930194195216,3
2114,0.18567820800459986,4
2115,0.5605097792389355,1
2115,0.4394902207610645,3
2116,0.56706609929334,1
2116,0.2800937238814035,3
2116,0.15284017682525647,4
2117,0.6400501797004562,1
2117,0.22283261726654485,3
2117,0.13711720303299887,4
2118,0.7466926754030315,1
2118,0.11793714429367233,3
2118,0.13537018030329614,4
2119,1.0,1
2120,0.12454072227926068,1
2120,0.8754592777207394,4
2121,0.10940528790063124,1
2121,0.8905947120993688,4
2122,0.12026462287054088,1
2122,0.8797353771294592,4
2123,0.11460258780036968,1
2123,0.8853974121996304,4
2124,0.12596987676859886,1
2124,0.8740301232314012,4
2125,0.8684210526315791,1
2125,0.13157894736842105,4
2126,1.0,1
2127,1.0,1
2128,1.0,1
2129,1.0,1
2154,0.5277827267372721,1
2154,0.4722172732627279,6
2155,0.6403662847105315,1
2155,0.3596337152894684,6
2156,0.2401144729038071,1
2156,0.759885527096193,6
2157,0.16156048530459935,1
2157,0.371152827378451,3
2157,0.4672866873169496,6
2158,0.1146384729071463,1
2158,0.3465091663473397,3
2158,0.2603258935809735,4
2158,0.2785264671645406,6
2159,0.1131149249526522,1
2159,0.3251534582531009,3
2159,0.32347401135633386,4
2159,0.23825760543791294,6
2160,0.2954498917810773,3
2160,0.4969608851887144,4
2160,0.2075892230302082,6
2161,0.1280981892586423,1
2161,0.16074546441240206,3
2161,0.5311789014831867,4
2161,0.17997744484576902,6
2162,0.1600969025200273,1
2162,0.20331954537581967,3
2162,0.636583552104153,4
2163,0.13930313186212154,1
2163,0.17870926393066622,3
2163,0.6819876042072122,4
2164,0.17824150772455002,1
2164,0.21225363782913725,3
2164,0.6095048544463126,4
2165,0.183940865590595,3
2165,0.8160591344094049,4
2166,0.14550193527494878,3
2166,0.8544980647250513,4
2167,0.15629188886485468,1
2167,0.13117488411699033,3
2167,0.712533227018155,4
2168,0.1884758894057085,1
2168,0.8115241105942915,4
2169,0.241925880939162,1
2169,0.7580741190608381,4
2170,0.26167056675642003,1
2170,0.7383294332435801,4
2171,0.3290679361854529,1
2171,0.12797420358258085,3
2171,0.5429578602319663,4
2172,0.32170164917974403,1
2172,0.14609964003096118,3
2172,0.5321987107892948,4
2173,0.17153284671532848,1
2173,0.8284671532846716,4
2174,0.2530120481927711,1
2174,0.34136546184738953,3
2174,0.40562248995983935,4
2175,0.2379779558827697,1
2175,0.4685066857554555,3
2175,0.2935153583617747,4
2176,0.1789880313967181,1
2176,0.6294044728474987,3
2176,0.19160749575578326,4
2177,0.17974233871011355,1
2177,0.6072527819334337,3
2177,0.2130048793564528,4
2178,0.15678611610311538,1
2178,0.6574134320669353,3
2178,0.18580045182994934,4
2179,0.3283213574914292,1
2179,0.6716786425085708,3
2180,0.540296319348495,1
2180,0.4597036806515049,3
2181,0.6504886091640735,1
2181,0.3495113908359264,3
2182,0.8045602605863192,1
2182,0.1954397394136808,3
2183,1.0,1
2184,1.0,1
2185,0.14445952386469613,1
2185,0.8555404761353039,4
2186,0.14036695152791814,1
2186,0.8596330484720818,4
2187,0.13477460901563934,1
2187,0.8652253909843606,4
2188,0.1307308216068997,1
2188,0.8692691783931004,4
2189,0.8531249999999999,1
2189,0.146875,2
2190,1.0,1
2191,1.0,1
2192,1.0,1
2193,1.0,1
2194,1.0,1
2220,0.618958184298044,1
2220,0.3810418157019561,6
2221,0.15556920612608102,1
2221,0.8444307938739191,6
2222,0.1481509039786506,1
2222,0.8518490960213495,6
2223,0.20849784727825327,1
2223,0.7915021527217466,6
2224,0.1313299282020583,1
2224,0.3621341240855234,3
2224,0.16830803948839568,4
2224,0.33822790822402266,6
2225,0.3342135533105787,3
2225,0.3888363663367677,4
2225,0.2769500803526536,6
2226,0.20947178724275575,3
2226,0.4918579168084721,4
2226,0.29867029594877204,6
2227,0.1316975262586445,1
2227,0.16132904353803434,3
2227,0.7069734302033212,4
2228,0.17805898536564393,1
2228,0.22456886620578032,3
2228,0.5973721484285758,4
2229,0.28621984622441515,3
2229,0.7137801537755849,4
2230,0.2256345315722008,3
2230,0.7743654684277992,4
2231,0.18094752999581828,3
2231,0.8190524700041818,4
2232,0.13183654525386387,1
2232,0.14808220225514715,3
2232,0.7200812524909891,4
2233,0.2563833870273281,1
2233,0.1893353116183643,3
2233,0.5542813013543075,4
2234,0.25222970634700764,1
2234,0.7477702936529923,4
2235,0.3194278463838683,1
2235,0.6805721536161318,4
2236,0.3358509925762977,1
2236,0.21410605046774367,3
2236,0.45004295695595853,4
2237,0.3014980698941068,1
2237,0.2376743477838959,3
2237,0.4608275823219974,4
2238,0.3846840800057844,1
2238,0.21248191189704954,3
2238,0.402834008097166,4
2239,0.4278925757983084,1
2239,0.35273420482847223,3
2239,0.21937321937321935,4
2240,0.5085301981422627,1
2240,0.371148946242764,3
2240,0.12032085561497327,4
2241,0.4105195469492148,1
2241,0.4371707436014257,3
2241,0.15230970944935954,4
2242,0.21304893952956014,1
2242,0.78695106047044,3
2243,0.2882878139854444,1
2243,0.7117121860145557,3
2244,0.3632183210500176,1
2244,0.6367816789499824,3
2245,0.4889844841476812,1
2245,0.5110155158523187,3
2246,0.7007954373800307,1
2246,0.2992045626199693,3
2247,0.8222222222222222,1
2247,0.17777777777777778,3
2248,1.0,1
2249,1.0,1
2250,1.0,1
2251,1.0,1
2252,1.0,1
2253,1.0,1
2254,0.844776119402985,1
2254,0.15522388059701492,2
2255,1.0,1
2256,1.0,1
2257,1.0,1
2258,1.0,1
2259,1.0,1
2260,1.0,1
2261,1.0,1
2286,0.12017400517837006,1
2286,0.8798259948216299,6
2287,1.0,6
2288,1.0,6
2289,1.0,6
2290,0.14342139044224814,1
2290,0.8565786095577519,6
2291,0.21050268180117165,1
2291,0.7894973181988283,4
2292,0.14678322446561085,1
2292,0.2210924232027829,3
2292,0.6321243523316062,4
2293,0.17077661877700115,1
2293,0.10605953941508928,3
2293,0.7231638418079096,4
2294,0.14988441806938052,1
2294,0.2860130178280554,3
2294,0.5641025641025641,4
2295,0.10448801199125957,1
2295,0.2213546846379539,3
2295,0.6741573033707865,4
2296,0.1465957995686891,1
2296,0.17619280339145535,3
2296,0.6772113970398554,4
2297,0.1306038111296489,1
2297,0.2018238574576024,3
2297,0.6675723314127486,4
2298,0.26713126575153234,1
2298,0.17710617437025958,3
2298,0.5557625598782081,4
2299,0.22074243732963889,1
2299,0.17996580924107744,3
2299,0.5992917534292836,4
2300,0.2703649636888725,1
2300,0.1977556352399141,3
2300,0.5318794010712133,4
2301,0.38345367037558975,1
2301,0.227838901695212,3
2301,0.3887074279291983,4
2302,0.4159839300212664,1
2302,0.2561361232631255,3
2302,0.32787994671560805,4
2303,0.5002868679745903,1
2303,0.2696517823321581,3
2303,0.23006134969325154,4
2304,0.4930662738647854,1
2304,0.2962512335536124,3
2304,0.2106824925816024,4
2305,0.6026882681231744,1
2305,0.3973117318768256,3
2306,0.5408711725293501,1
2306,0.4591288274706499,3
2307,0.4419307352587173,1
2307,0.5580692647412826,3
2308,0.3684384112123985,1
2308,0.6315615887876015,3
2309,0.3359025526749973,1
2309,0.6640974473250028,3
2310,0.5675108621467273,1
2310,0.4324891378532727,3
2311,0.711234270406377,1
2311,0.28876572959362296,3
2312,0.7950221991768479,1
2312,0.20497780082315206,3
2313,0.8874345549738221,1
2313,0.112565445026178,3
2314,1.0,1
2315,1.0,1
2316,1.0,1
2317,1.0,1
2318,1.0,1
2319,1.0,1
2320,0.7791411042944785,1
2320,0.1134969325153374,2
2320,0.10736196319018404,4
2321,0.8777241029142202,1
2321,0.12227589708577988,2
2322,0.8858967849816503,1
2322,0.11410321501834987,2
2323,0.8847182433366627,1
2323,0.11528175666333733,2
2324,1.0,1
2325,0.6518674448163857,1
2325,0.34813255518361425,2
2326,0.4630497877676459,1
2326,0.5369502122323542,2
2355,0.5294117647058824,1
2355,0.4705882352941177,6
2356,0.10404624277456648,1
2356,0.630057803468208,4
2356,0.2658959537572255,6
2357,0.12936988128533272,1
2357,0.6210864541149218,4
2357,0.24954366459974545,6
2358,0.18651888631313746,1
2358,0.5538594816591405,4
2358,0.2596216320277221,6
2359,0.19745329543993048,1
2359,0.28478020709814056,3
2359,0.5177664974619289,4
2360,0.17761780457381873,1
2360,0.2698707799010671,3
2360,0.5525114155251142,4
2361,0.13478602067738218,1
2361,0.17727503320698285,3
2361,0.6879389461156351,4
2362,0.15736274818935106,1
2362,0.1884985636128003,3
2362,0.6541386881978488,4
2363,0.2496180933838074,1
2363,0.17299673581377614,3
2363,0.5773851708024165,4
2364,0.22011642400851292,1
2364,0.21033900778069112,3
2364,0.5695445682107959,4
2365,0.25675608386929666,1
2365,0.2084978117776732,3
2365,0.5347461043530302,4
2366,0.3312313833790656,1
2366,0.2829822029430469,3
2366,0.38578641367788746,4
2367,0.3699356907683679,1
2367,0.39703260600563545,3
2367,0.23303170322599664,4
2368,0.4749966816865746,1
2368,0.3652589093677385,3
2368,0.15974440894568687,4
2369,0.5918170316721484,1
2369,0.4081829683278516,3
2370,0.5823035162023288,1
2370,0.4176964837976712,3
2371,0.5761813120997556,1
2371,0.4238186879002443,3
2372,0.5549985593954511,1
2372,0.44500144060454905,3
2373,0.4159917176109509,1
2373,0.5840082823890491,3
2374,0.503864030542883,1
2374,0.4961359694571171,3
2375,0.5660482500425453,1
2375,0.4339517499574546,3
2376,0.6018644142394578,1
2376,0.12400779224690058,2
2376,0.27412779351364164,3
2377,0.6814191252516615,1
2377,0.11867764078538393,2
2377,0.19990323396295454,3
2378,0.8784654158911477,1
2378,0.12153458410885225,3
2379,0.8894098917883959,1
2379,0.11059010821160392,2
2380,1.0,1
2381,1.0,1
2382,1.0,1
2383,1.0,1
2384,1.0,1
2385,0.7513676151546929,1
2385,0.1272280212352581,2
2385,0.12140436361004905,4
2386,0.7287897092684581,1
2386,0.1387813926567999,2
2386,0.13242889807474215,4
2387,0.8836671115584677,1
2387,0.11633288844153228,2
2388,0.8350793650336064,1
2388,0.1649206349663936,2
2389,0.6502395290069988,1
2389,0.3497604709930012,2
2390,0.6088881170159396,1
2390,0.3911118829840605,2
2391,0.5538019363139592,1
2391,0.4461980636860408,2
2421,1.0,6
2422,0.4248704663212435,4
2422,0.5751295336787565,6
2423,0.13768115942028986,1
2423,0.10507246376811594,3
2423,0.3550724637681159,4
2423,0.4021739130434783,6
2424,0.12720848056537104,1
2424,0.1590106007067138,3
2424,0.3498233215547703,4
2424,0.3639575971731449,6
2425,0.29282111844390235,1
2425,0.3711788815560976,3
2425,0.336,4
2426,0.28704305195028856,1
2426,0.3694454976680321,3
2426,0.3435114503816794,4
2427,0.22613853829327496,1
2427,0.21118009420285386,3
2427,0.5626813675038712,4
2428,0.3186085348172931,1
2428,0.24445466768518545,3
2428,0.4369367974975214,4
2429,0.2876088575475854,1
2429,0.23365782416673814,3
2429,0.4787333182856765,4
2430,0.36804048509203396,1
2430,0.2763065121593326,3
2430,0.35565300274863343,4
2431,0.3020026510756393,1
2431,0.4196712021570877,3
2431,0.27832614676727296,4
2432,0.5412979295271487,1
2432,0.32524516593160946,3
2432,0.1334569045412419,4
2433,0.5904738484754039,1
2433,0.28679495014170936,3
2433,0.12273120138288675,4
2434,0.6828160062065588,1
2434,0.3171839937934413,3
2435,0.7416517245381927,1
2435,0.2583482754618073,3
2436,0.6735074315515157,1
2436,0.32649256844848434,3
2437,0.7269665108510986,1
2437,0.2730334891489013,3
2438,0.6952389164439735,1
2438,0.3047610835560265,3
2439,0.5573445115356612,1
2439,0.4426554884643388,3
2440,0.5428800824305028,1
2440,0.12875320753601366,2
2440,0.3283667100334835,3
2441,0.5504599276522801,1
2441,0.14884621589336186,2
2441,0.30069385645435803,3
2442,0.6727165544887006,1
2442,0.13843929113756193,2
2442,0.18884415437373744,3
2443,0.7214952279957576,1
2443,0.1698962718254063,2
2443,0.10860850017883612,3
2444,0.8465574736098902,1
2444,0.1534425263901098,2
2445,1.0,1
2446,1.0,1
2447,1.0,1
2448,0.8691860465116279,1
2448,0.1308139534883721,3
2449,0.8325638072624593,1
2449,0.16743619273754073,3
2450,0.8434483542534875,1
2450,0.15655164574651248,2
2451,0.8349972482273349,1
2451,0.16500275177266496,2
2452,0.6917191495860684,1
2452,0.30828085041393155,2
2453,0.7180526050520925,1
2453,0.2819473949479076,2
2454,0.5945609872741133,1
2454,0.4054390127258867,2
2455,0.5667884071410841,1
2455,0.43321159285891575,2
2456,0.8271900769135453,1
2456,0.17280992308645468,2
2486,1.0,6
2487,0.4371859296482412,4
2487,0.5628140703517588,6
2488,0.11403508771929825,1
2488,0.3947368421052631,4
2488,0.4912280701754386,6
2489,0.14572685621660858,1
2489,0.15427314378339144,3
2489,0.18571428571428567,4
2489,0.5142857142857143,6
2490,0.21658366748809346,1
2490,0.1976175159438592,3
2490,0.22485207100591714,4
2490,0.3609467455621302,6
2491,0.3000173671413671,1
2491,0.27893000127968554,3
2491,0.4210526315789474,4
2492,0.4691458927273594,1
2492,0.2724809015310137,3
2492,0.2583732057416268,4
2493,0.4691995327769181,1
2493,0.3032142603265301,3
2493,0.2275862068965517,4
2494,0.4112228624767193,1
2494,0.30075124755564314,3
2494,0.2880258899676376,4
2495,0.4628986278061542,1
2495,0.4196575034546402,3
2495,0.11744386873920552,4
2496,0.41827178996164893,1
2496,0.4329059402310704,3
2496,0.1488222698072805,4
2497,0.6275995293013968,1
2497,0.3724004706986031,3
2498,0.6290536347791195,1
2498,0.3709463652208806,3
2499,0.7046978770604256,1
2499,0.2953021229395745,3
2500,0.6991311441079808,1
2500,0.3008688558920193,3
2501,0.7328801346396723,1
2501,0.2671198653603278,3
2502,0.7702073351518559,1
2502,0.2297926648481439,3
2503,0.7660397243508944,1
2503,0.2339602756491056,3
2504,0.6906720350133956,1
2504,0.3093279649866044,3
2505,0.6213976214398254,1
2505,0.12623226367042412,2
2505,0.2523701148897504,3
2506,0.7052382291804477,1
2506,0.13252795565937364,2
2506,0.16223381516017876,3
2507,0.7135225485862163,1
2507,0.1705874913797978,2
2507,0.11588996003398587,3
2508,0.7160784448224395,1
2508,0.16539996045085276,2
2508,0.11852159472670774,3
2509,0.7766539723741034,1
2509,0.2233460276258966,2
2510,0.7350839928996541,1
2510,0.264916007100346,2
2511,0.892594184394048,1
2511,0.1074058156059519,2
2512,0.8721590909090909,1
2512,0.12784090909090912,3
2513,0.7633136094674555,1
2513,0.10355029585798817,2
2513,0.1331360946745562,3
2514,0.6376811594202898,1
2514,0.16048104251073406,2
2514,0.2018377980689761,3
2515,0.5893948860349417,1
2515,0.16301741500044753,2
2515,0.24758769896461064,3
2516,0.5880692467893095,1
2516,0.18339459187550344,2
2516,0.228536161335187,3
2517,0.6122901545668725,1
2517,0.3877098454331275,2
2518,0.5004844653526039,1
2518,0.1986336952131945,2
2518,0.3008818394342017,3
2519,0.4717099737610246,1
2519,0.3882757049181093,2
2519,0.14001432132086614,3
2520,0.4681326223045634,1
2520,0.4025570328678504,2
2520,0.1293103448275862,3
2521,0.8397368045178296,1
2521,0.1602631954821704,2
2522,0.8361289912238623,1
2522,0.16387100877613772,2
2523,0.8600496474602072,1
2523,0.13995035253979274,2
2552,1.0,6
2553,0.15662650602409642,1
2553,0.1746987951807229,4
2553,0.6686746987951808,6
2554,0.1663674757265785,1
2554,0.13737084203043085,3
2554,0.18224299065420566,4
2554,0.5140186915887851,6
2555,0.2701209177933768,1
2555,0.1199302527775639,3
2555,0.1591054376099433,4
2555,0.4508433918191159,6
2556,0.31814345902471325,1
2556,0.1796909251419673,3
2556,0.27387983215443995,4
2556,0.2282857836788795,6
2557,0.5062040074757044,1
2557,0.2376314934857715,3
2557,0.2561644990385241,4
2558,0.5452207862507371,1
2558,0.30205706854803394,3
2558,0.152722145201229,4
2559,0.4990343091000009,1
2559,0.35615160088042963,3
2559,0.14481409001956946,4
2560,0.5968839424715614,1
2560,0.40311605752843854,3
2561,0.6182274588090796,1
2561,0.3817725411909204,3
2562,0.5819177537972541,1
2562,0.4180822462027461,3
2563,0.6003118437109072,1
2563,0.3996881562890928,3
2564,0.7313667239456696,1
2564,0.26863327605433035,3
2565,0.7334932109990276,1
2565,0.2665067890009724,3
2566,0.7190602076315668,1
2566,0.2809397923684332,3
2567,0.756698997601037,1
2567,0.2433010023989629,3
2568,0.8242745204584396,1
2568,0.17572547954156045,3
2569,0.8457317398625529,1
2569,0.15426826013744713,3
2570,0.8881089225499783,1
2570,0.11189107745002168,3
2571,0.8855824589490879,1
2571,0.114417541050912,2
2572,0.8660687007767743,1
2572,0.1339312992232256,2
2573,0.8377331324306548,1
2573,0.16226686756934516,2
2574,0.7902194627831269,1
2574,0.20978053721687312,2
2575,0.6743141839602379,1
2575,0.325685816039762,2
2576,0.5913978494623656,1
2576,0.22018643784732592,2
2576,0.18841571269030846,3
2577,0.7573529411764706,1
2577,0.2426470588235294,3
2578,0.7555555555555556,1
2578,0.24444444444444444,3
2579,0.5833333333333334,1
2579,0.12652483194251354,2
2579,0.2901418347241532,3
2580,0.4859638197521289,1
2580,0.18634657867706286,2
2580,0.32768960157080823,3
2581,0.3183812987640166,1
2581,0.19720798587044086,2
2581,0.4844107153655426,3
2582,0.2445628150244608,1
2582,0.15110186645385207,2
2582,0.6043353185216872,3
2583,0.4774854633291141,1
2583,0.522514536670886,3
2584,0.4949038579333158,1
2584,0.24514308226139964,2
2584,0.2599530598052845,3
2585,0.4445468384952564,1
2585,0.4162420246137923,2
2585,0.13921113689095127,3
2586,0.8192651118488345,1
2586,0.18073488815116534,2
2587,0.8356188158961884,1
2587,0.16438118410381167,2
2588,0.8553565597750272,1
2588,0.14464344022497272,2
2617,1.0,6
2618,1.0,6
2619,0.2184690054011968,1
2619,0.15036218767321166,4
2619,0.6311688069255915,6
2620,0.2682298464236492,1
2620,0.11269046964305544,3
2620,0.1563011113491823,4
2620,0.462778572584113,6
2621,0.33953049171320315,1
2621,0.19774358510832948,3
2621,0.2009301243465624,4
2621,0.261795798831905,6
2622,0.4109397349343979,1
2622,0.240931839789682,3
2622,0.16334755314145152,4
2622,0.18478087213446853,6
2623,0.5695080081828285,1
2623,0.3084546086516181,3
2623,0.1220373831655534,6
2624,0.6362994614076376,1
2624,0.3637005385923624,3
2625,0.6818034989926872,1
2625,0.3181965010073128,3
2626,0.6095019228268375,1
2626,0.39049807717316254,3
2627,0.638550822298433,1
2627,0.3614491777015669,3
2628,0.6818723635716996,1
2628,0.31812763642830044,3
2629,0.7374926129475786,1
2629,0.2625073870524214,3
2630,0.7491462122402571,1
2630,0.250853787759743,3
2631,0.5370646295864759,1
2631,0.14538526055209425,3
2631,0.19391791025427707,5
2631,0.1236321996071528,6
2632,0.4751979348135822,1
2632,0.1174910076004609,3
2632,0.2487321107997573,5
2632,0.15857894678619966,6
2633,0.3445172296926786,1
2633,0.1303398284369446,4
2633,0.3206883534593158,5
2633,0.20445458841106107,6
2634,0.368665327292479,1
2634,0.12355830114933368,4
2634,0.31008313268111065,5
2634,0.19769323887707674,6
2635,1.0,1
2636,1.0,1
2637,0.8493979415706517,1
2637,0.1506020584293483,2
2638,0.8193235727827285,1
2638,0.18067642721727148,2
2639,0.7940040562535489,1
2639,0.20599594374645108,2
2640,0.6397198980041207,1
2640,0.3602801019958794,2
2641,0.5387309365126587,1
2641,0.24424407758909056,2
2641,0.21702498589825076,3
2642,0.5261324041811846,1
2642,0.23404654722846874,2
2642,0.23982104859034656,3
2643,0.5177664974619289,1
2643,0.20304568527918784,2
2643,0.27918781725888325,3
2644,0.4354838709677419,1
2644,0.12096774193548387,2
2644,0.4435483870967742,3
2645,0.35752496290652513,1
2645,0.642475037093475,3
2646,0.20232444954197729,1
2646,0.19216215625109448,2
2646,0.6055133942069283,3
2647,0.3476359124470279,2
2647,0.6523640875529721,3
2648,0.3476359124470279,2
2648,0.652364087552972,3
2649,0.4545454545454545,2
2649,0.5454545454545454,3
2650,0.4270833333333333,1
2650,0.2604166666666667,2
2650,0.3125,3
2651,0.8383862531319483,1
2651,0.16161374686805174,2
2652,0.8364735961677376,1
2652,0.1635264038322623,2
2653,1.0,1
2682,1.0,6
2683,1.0,6
2684,0.4268361066465368,4
2684,0.5731638933534632,6
2685,0.11953167310444075,1
2685,0.10492229874356243,3
2685,0.3408388443952169,4
2685,0.4347071837567799,6
2686,0.1945438279248126,1
2686,0.18637345662213856,3
2686,0.39618140156005305,4
2686,0.2229013138929958,6
2687,0.4442548023652199,1
2687,0.1504179078219013,3
2687,0.24990350503051895,4
2687,0.15542378478235996,6
2688,0.6620541589162462,1
2688,0.18714567792551146,3
2688,0.15080016315824235,4
2689,0.7459675167483694,1
2689,0.2540324832516307,3
2690,0.6615635895362633,1
2690,0.33843641046373674,3
2691,0.6010950641926064,1
2691,0.3989049358073937,3
2692,0.72109199737876,1
2692,0.27890800262124,3
2693,0.7236493762526117,1
2693,0.27635062374738834,3
2694,0.7616835029996548,1
2694,0.2383164970003453,3
2695,0.5798191765199711,1
2695,0.14254658202624335,3
2695,0.1695425391011297,5
2695,0.108091702352656,6
2696,0.6034358164974473,1
2696,0.11230886938923797,3
2696,0.17358582088219374,5
2696,0.11066949323112103,6
2697,0.6418320967912701,1
2697,0.21872192499225213,5
2697,0.13944597821647786,6
2698,0.6009195511840764,1
2698,0.24370593570725985,5
2698,0.15537451310866401,6
2699,0.5998177689295707,1
2699,0.24437875963555955,5
2699,0.15580347143486986,6
2700,0.5723794409113095,1
2700,0.2611344875189301,5
2700,0.16648607156976025,6
2701,1.0,1
2702,1.0,1
2703,1.0,1
2704,0.8738444627110147,1
2704,0.12615553728898546,2
2705,0.6935878810856508,1
2705,0.3064121189143492,2
2706,0.43404575898361664,1
2706,0.423354817852556,2
2706,0.14259942316382726,3
2707,0.44078785895443096,1
2707,0.26968805890662995,2
2707,0.2895240821389391,3
2708,0.4099378881987577,1
2708,0.2484472049689441,2
2708,0.3416149068322981,3
2709,0.20812182741116755,1
2709,0.20304568527918784,2
2709,0.5888324873096447,3
2710,0.1590909090909091,1
2710,0.8409090909090908,3
2711,1.0,3
2712,0.1869923934133494,2
2712,0.8130076065866506,3
2713,0.2441860465116279,2
2713,0.7558139534883721,3
2714,0.2441860465116279,2
2714,0.7558139534883721,3
2715,0.2592592592592593,2
2715,0.7407407407407408,3
2716,0.8832684824902725,1
2716,0.1167315175097276,3
2717,1.0,1
2718,1.0,1
2719,1.0,1
2720,1.0,1
2747,1.0,6
2748,1.0,6
2749,0.1863991297547618,1
2749,0.4523345017405,4
2749,0.3612663685047381,6
2750,0.16620183383625134,1
2750,0.5176965779701891,4
2750,0.3161015881935597,6
2751,0.2230649633491996,1
2751,0.4752606359467663,4
2751,0.3016744007040341,6
2752,0.5823468808671982,1
2752,0.2549304964989628,4
2752,0.162722622633839,6
2753,0.8290015685200938,1
2753,0.1709984314799062,4
2754,0.7343125291076622,1
2754,0.2656874708923378,3
2755,0.6915774414137347,1
2755,0.3084225585862654,3
2756,0.6274641638484936,1
2756,0.3725358361515063,3
2757,0.6908070257602014,1
2757,0.3091929742397986,3
2758,0.7801948024964673,1
2758,0.21980519750353267,3
2759,0.8274097896642262,1
2759,0.17259021033577382,3
2760,0.6632563681064182,1
2760,0.15546510034626568,3
2760,0.18127853154731605,5
2761,0.67526320303204,1
2761,0.15649470299906176,3
2761,0.1682420939688982,5
2762,0.8109848124728669,1
2762,0.18901518752713312,5
2763,0.5908576553593871,1
2763,0.1101374685303574,3
2763,0.1825929166154019,5
2763,0.11641195949485368,6
2764,0.6016294375037021,1
2764,0.2432724303569388,5
2764,0.15509813213935908,6
2765,0.6052404328289621,1
2765,0.24106730856460834,5
2765,0.15369225860642954,6
2766,1.0,1
2767,1.0,1
2768,1.0,1
2769,1.0,1
2770,0.8360998803824862,1
2770,0.1639001196175139,2
2771,0.7324715348988771,1
2771,0.26752846510112305,2
2772,0.3627770220196347,1
2772,0.3454308861671025,2
2772,0.2917920918132628,3
2773,0.1973684210526316,1
2773,0.4013157894736842,2
2773,0.4013157894736842,3
2774,0.13170731707317074,1
2774,0.3024390243902439,2
2774,0.5658536585365853,3
2775,0.18902439024390244,1
2775,0.1341463414634146,2
2775,0.6768292682926829,3
2776,0.14285714285714285,1
2776,0.8571428571428571,3
2777,0.136986301369863,2
2777,0.8630136986301371,3
2778,0.14285714285714288,2
2778,0.8571428571428572,3
2779,0.2441860465116279,2
2779,0.7558139534883721,3
2780,0.2441860465116279,2
2780,0.7558139534883721,3
2781,0.6944444444444444,3
2781,0.3055555555555556,4
2782,0.3370165745856354,1
2782,0.35911602209944754,3
2782,0.30386740331491713,4
2783,0.8780487804878049,1
2783,0.12195121951219512,3
2784,0.3877551020408163,1
2784,0.3316326530612245,3
2784,0.2806122448979592,4
2785,0.5416666666666666,3
2785,0.4583333333333333,4
2786,0.7185929085504917,1
2786,0.17532273626903375,2
2786,0.10608435518047447,3
2787,0.7177989772802484,1
2787,0.17416452216892786,2
2787,0.1080365005508237,3
2812,0.5384615384615384,1
2812,0.4615384615384616,6
2813,0.4117647058823529,1
2813,0.1764705882352941,4
2813,0.4117647058823529,6
2814,0.20283155553574936,1
2814,0.4040538436451695,4
2814,0.39311460081908106,6
2815,0.20433267192618687,1
2815,0.4070441665548025,4
2815,0.3886231615190106,6
2816,0.5510758309348999,1
2816,0.2343883306064419,4
2816,0.21453583845865828,6
2817,0.5025182918619402,1
2817,0.2750773432169964,4
2817,0.2224043649210634,6
2818,0.6840567278551424,1
2818,0.17797791870833218,4
2818,0.13796535343652544,6
2819,0.6532769207556249,1
2819,0.1549101435427256,3
2819,0.19181293570164948,4
2820,0.6365724350854766,1
2820,0.2552444858576581,3
2820,0.10818307905686546,4
2821,0.6374863244596262,1
2821,0.3625136755403737,3
2822,0.7467055903919501,1
2822,0.2532944096080499,3
2823,0.8446132775322827,1
2823,0.15538672246771726,3
2824,0.8349213599837202,1
2824,0.16507864001627973,3
2825,0.6415561827915344,1
2825,0.17759265192057103,3
2825,0.1808511652878947,5
2826,0.6840120670723554,1
2826,0.12447130264307747,3
2826,0.1915166302845672,5
2827,0.7944428484470594,1
2827,0.2055571515529407,5
2828,0.6638776359140358,1
2828,0.20525940445027804,5
2828,0.13086295963568625,6
2829,0.6194480302696106,1
2829,0.2323911736181369,5
2829,0.1481607961122524,6
2830,0.6016761847647498,1
2830,0.2432438832681772,5
2830,0.15507993196707298,6
2831,1.0,1
2832,1.0,1
2833,1.0,1
2834,1.0,1
2835,0.8763322869685134,1
2835,0.12366771303148665,2
2836,0.7986421213827156,1
2836,0.20135787861728427,2
2837,0.5492582290217906,1
2837,0.3216321532825179,2
2837,0.12910961769569154,3
2838,0.16666666666666666,1
2838,0.2901234567901235,2
2838,0.5432098765432098,3
2839,0.14556962025316456,1
2839,0.2974683544303797,2
2839,0.5569620253164557,3
2840,0.11428571428571427,1
2840,0.20952380952380956,2
2840,0.6761904761904762,3
2841,0.10091743119266056,1
2841,0.2018348623853211,2
2841,0.6972477064220184,3
2842,0.14285714285714285,1
2842,0.8571428571428571,3
2843,0.136986301369863,2
2843,0.8630136986301371,3
2844,0.11458333333333333,1
2844,0.20833333333333331,2
2844,0.6770833333333334,3
2845,0.7027027027027027,3
2845,0.2972972972972973,4
2846,0.13793103448275862,2
2846,0.4827586206896552,3
2846,0.3793103448275862,4
2847,0.5416666666666666,3
2847,0.4583333333333333,4
2848,0.5416666666666666,3
2848,0.4583333333333333,4
2849,0.5416666666666666,3
2849,0.4583333333333333,4
2850,0.5416666666666666,3
2850,0.4583333333333333,4
2851,0.7194642574945187,1
2851,0.17313676993046845,2
2851,0.10739897257501282,3
2852,0.7159441840965977,1
2852,0.17530923513077107,2
2852,0.10874658077263123,3
2853,0.7255650031486047,1
2853,0.16254625480485158,2
2853,0.11188874204654384,3
2878,0.6,1
2878,0.4,6
2879,0.1327680235734748,1
2879,0.4397940780871353,4
2879,0.4274378983393899,6
2880,0.2646313126677158,1
2880,0.372923050222479,4
2880,0.3624456371098052,6
2881,0.5414969207994499,1
2881,0.247696345525788,4
2881,0.2108067336747621,6
2882,0.7186253746504467,1
2882,0.2813746253495533,4
2883,0.6820698950877603,1
2883,0.3179301049122396,4
2884,0.7356036435721082,1
2884,0.2643963564278918,4
2885,0.8026579115568697,1
2885,0.19734208844313025,4
2886,0.6654631707739872,1
2886,0.1998681751448828,3
2886,0.13466865408113016,4
2887,0.820749990388098,1
2887,0.1792500096119019,3
2888,0.8782972207633577,1
2888,0.12170277923664227,3
2889,1.0,1
2890,0.8564318512575408,1
2890,0.14356814874245907,3
2891,0.6022925317171663,1
2891,0.11120122156987224,3
2891,0.17496039494874716,5
2891,0.11154585176421428,6
2892,0.7967006007012761,1
2892,0.2032993992987239,5
2893,0.8036154894607858,1
2893,0.19638451053921427,5
2894,0.6367224216874622,1
2894,0.22184224360477325,5
2894,0.14143533470776468,6
2895,1.0,1
2896,1.0,1
2897,1.0,1
2898,1.0,1
2899,1.0,1
2900,1.0,1
2901,0.7456476314737873,1
2901,0.2543523685262127,2
2902,0.5939086294416244,1
2902,0.2684142527339871,2
2902,0.1376771178243885,3
2903,0.11111111111111112,1
2903,0.3137254901960784,2
2903,0.5751633986928105,3
2904,0.1512605042016807,1
2904,0.19327731092436976,2
2904,0.6554621848739496,3
2905,0.11214953271028036,1
2905,0.21495327102803735,2
2905,0.6728971962616823,3
2906,0.10434782608695653,1
2906,0.22232055212407825,2
2906,0.6733316217889652,3
2907,0.12438776271705725,1
2907,0.8756122372829428,3
2908,0.14285714285714285,1
2908,0.8571428571428571,3
2909,0.6666666666666666,1
2909,0.3333333333333333,3
2910,0.56,3
2910,0.44,4
2911,0.56,3
2911,0.44,4
2912,0.6783625730994152,3
2912,0.3216374269005848,4
2913,0.6783625730994152,3
2913,0.3216374269005848,4
2914,0.6783625730994152,3
2914,0.3216374269005848,4
2915,0.6783625730994152,3
2915,0.3216374269005848,4
2916,0.7209462944802038,1
2916,0.17222210895241502,2
2916,0.10683159656738114,3
2917,0.7162832305645533,1
2917,0.17509998760390014,2
2917,0.10861678183154656,3
2918,0.7241447148626465,1
2918,0.16313497382692266,2
2918,0.11272031131043078,3
2919,1.0,1
2920,1.0,1
2944,0.2352941176470588,1
2944,0.7647058823529411,4
2945,0.23529411764705885,1
2945,0.7647058823529412,4
2946,0.7400656865922702,1
2946,0.2599343134077299,4
2947,0.7387310291364644,1
2947,0.2612689708635357,4
2948,0.7025649993019548,1
2948,0.2974350006980451,4
2949,0.7317178964533226,1
2949,0.26828210354667736,4
2950,0.7413452974062394,1
2950,0.2586547025937605,4
2951,0.7862837689048511,1
2951,0.10754752274465557,3
2951,0.10616870835049333,4
2952,1.0,1
2953,1.0,1
2954,1.0,1
2955,0.8917838843857032,1
2955,0.1082161156142968,3
2956,0.8849239147047558,1
2956,0.11507608529524402,3
2957,0.7932144397664783,1
2957,0.20678556023352165,5
2958,0.6663823878727119,1
2958,0.2037298308477252,5
2958,0.12988778127956288,6
2959,1.0,1
2960,0.7782769436958534,1
2960,0.2217230563041465,3
2961,0.8458185642065433,1
2961,0.1541814357934566,3
2962,0.7774551215243074,1
2962,0.2225448784756925,3
2963,0.7712360237422912,1
2963,0.22876397625770886,3
2964,1.0,1
2965,1.0,1
2966,0.6834238467986861,1
2966,0.1525866543421994,2
2966,0.16398949885911465,3
2967,0.6593077658804045,1
2967,0.15449955128499354,2
2967,0.186192682834602,3
2968,0.575,2
2968,0.425,3
2969,0.10619469026548672,1
2969,0.20353982300884954,2
2969,0.6902654867256637,3
2970,0.10714285714285714,1
2970,0.2372041383416875,2
2970,0.6556530045154554,3
2971,0.10344827586206896,1
2971,0.22902468529542244,2
2971,0.6675270388425086,3
2972,0.12438776271705725,1
2972,0.8756122372829428,3
2973,0.14024684578559787,1
2973,0.8597531542144022,3
2974,0.6666666666666666,1
2974,0.3333333333333333,3
2975,1.0,3
2976,0.6875,3
2976,0.31249999999999994,4
2977,0.6783625730994152,3
2977,0.3216374269005848,4
2978,0.6783625730994152,3
2978,0.3216374269005848,4
2979,0.6783625730994152,3
2979,0.3216374269005848,4
2980,0.6783625730994152,3
2980,0.3216374269005848,4
2981,1.0,3
2982,0.7241447148626465,1
2982,0.16313497382692266,2
2982,0.11272031131043078,3
2983,1.0,1
2984,1.0,1
2985,1.0,1
2986,1.0,1
3010,1.0,1
3011,0.7192717816673636,1
3011,0.28072821833263634,4
3012,0.7731354194858969,1
3012,0.2268645805141029,4
3013,0.7333113667202277,1
3013,0.2666886332797723,4
3014,0.7310938534028252,1
3014,0.2689061465971748,4
3015,0.7750012725389717,1
3015,0.2249987274610283,4
3016,0.8801754693717021,1
3016,0.11982453062829808,4
3017,0.8818519349502795,1
3017,0.11814806504972047,3
3018,1.0,1
3019,1.0,1
3020,0.8684105907840904,1
3020,0.13158940921590942,3
3021,1.0,1
3022,0.8633297725224075,1
3022,0.13667022747759244,3
3023,0.8747521881608799,1
3023,0.1252478118391201,3
3024,0.8893878482079244,1
3024,0.11061215179207562,3
3025,0.7793994088709825,1
3025,0.2206005911290176,3
3026,0.7573284444683858,1
3026,0.2426715555316142,3
3027,0.7017262822730244,1
3027,0.2982737177269756,3
3028,0.7148772882041349,1
3028,0.2851227117958651,3
3029,0.7077199029727258,1
3029,0.2922800970272742,3
3030,0.7041625380224358,1
3030,0.1155306000478909,2
3030,0.18030686192967332,3
3031,0.7073780155955812,1
3031,0.11276253404280928,2
3031,0.17985945036160966,3
3032,0.6598446160489957,1
3032,0.14817177955864025,2
3032,0.191983604392364,3
3033,0.5733138604825122,1
3033,0.1858646006744347,2
3033,0.24082153884305305,3
3034,0.5903747443170889,2
3034,0.4096252556829112,3
3035,0.10714285714285714,1
3035,0.2372041383416875,2
3035,0.6556530045154554,3
3036,0.14212429499389126,1
3036,0.8578757050061087,3
3037,0.3333333333333333,1
3037,0.16869283315966668,2
3037,0.497973833507,3
3038,0.5000000000000001,1
3038,0.17834317471345004,2
3038,0.32165682528655,3
3039,0.5000000000000001,1
3039,0.17834317471345004,2
3039,0.32165682528655,3
3040,1.0,3
3041,1.0,3
3042,0.6783625730994152,3
3042,0.3216374269005848,4
3043,0.6783625730994152,3
3043,0.3216374269005848,4
3044,0.6783625730994152,3
3044,0.3216374269005848,4
3045,1.0,3
3046,1.0,3
3047,0.5165876777251185,1
3047,0.4834123222748815,2
3048,0.5188679245283019,1
3048,0.4811320754716981,2
3049,0.578512396694215,1
3049,0.4214876033057851,2
3050,1.0,1
3051,1.0,1
3052,1.0,1
3076,0.7566680521361433,1
3076,0.24333194786385676,4
3077,0.7529932791440923,1
3077,0.2470067208559077,4
3078,0.7532329649173426,1
3078,0.24676703508265746,4
3079,0.7263663957253936,1
3079,0.2736336042746064,4
3080,0.7774539648268397,1
3080,0.2225460351731603,4
3081,0.7949646864181311,1
3081,0.20503531358186888,4
3082,0.8801794607361227,1
3082,0.11982053926387724,3
3083,1.0,1
3084,0.8504419762823826,1
3084,0.14955802371761734,3
3085,0.8665392198336965,1
3085,0.1334607801663034,3
3086,0.8648030082028395,1
3086,0.1351969917971605,3
3087,0.7389044068849253,1
3087,0.1097429257339112,2
3087,0.1513526673811635,3
3088,0.8362564297601117,1
3088,0.1637435702398883,3
3089,0.6391144422380092,1
3089,0.3608855577619909,3
3090,0.7388757669539053,1
3090,0.2611242330460947,3
3091,0.6912212663374177,1
3091,0.3087787336625824,3
3092,0.5173498138985012,1
3092,0.4826501861014987,3
3093,0.4891602441447045,1
3093,0.5108397558552956,3
3094,0.6418927129692732,1
3094,0.3581072870307269,3
3095,1.0,1
3096,0.8589368050806848,1
3096,0.14106319491931518,3
3097,0.6736066388121127,1
3097,0.10617958967841984,2
3097,0.22021377150946744,3
3098,0.6456420274783391,1
3098,0.1335027748266638,2
3098,0.2208551976949971,3
3099,0.6413262385246068,1
3099,0.13737891068246014,2
3099,0.22129485079293293,3
3100,0.7396934759745905,1
3100,0.2603065240254096,3
3101,0.3928571428571428,1
3101,0.19881655336675,2
3101,0.4083263037761071,3
3102,0.6864895798559704,1
3102,0.3135104201440295,2
3103,0.7370900432678683,1
3103,0.2629099567321317,2
3104,0.7133726988538001,2
3104,0.2866273011461999,3
3105,0.6153106161981625,1
3105,0.1458190723273833,2
3105,0.23887031147445426,3
3106,1.0,3
3107,1.0,3
3108,1.0,3
3109,0.734375,1
3109,0.265625,3
3110,0.7346938775510204,1
3110,0.2653061224489796,3
3111,0.6067146282973621,1
3111,0.2685851318944844,2
3111,0.12470023980815348,3
3112,0.6902173913043479,1
3112,0.30978260869565216,2
3113,0.556420233463035,1
3113,0.443579766536965,2
3114,0.5533596837944664,1
3114,0.4466403162055336,2
3115,0.578512396694215,1
3115,0.4214876033057851,2
3116,1.0,1
3117,1.0,1
3142,0.7559302309434486,1
3142,0.2440697690565514,4
3143,0.7403024687636441,1
3143,0.2596975312363559,4
3144,0.7539341805305978,1
3144,0.24606581946940215,4
3145,0.6641700641328676,1
3145,0.3358299358671323,4
3146,0.8591572091509956,1
3146,0.14084279084900442,4
3147,0.7488294470282442,1
3147,0.13118778844872736,3
3147,0.11998276452302845,4
3148,0.8004502616305221,1
3148,0.19954973836947787,3
3149,0.801851609003154,1
3149,0.19814839099684592,3
3150,0.8145414795640927,1
3150,0.18545852043590727,3
3151,0.8474289250346618,1
3151,0.1525710749653381,3
3152,1.0,1
3153,1.0,1
3154,0.6622736432366046,1
3154,0.3377263567633953,3
3155,0.6419798497465826,1
3155,0.3580201502534173,3
3156,0.6419798497465826,1
3156,0.3580201502534173,3
3157,0.4701380481595751,1
3157,0.529861951840425,3
3158,0.6043353206371963,1
3158,0.3956646793628037,3
3159,0.6418927129692732,1
3159,0.3581072870307269,3
3160,0.8821910661771837,1
3160,0.11780893382281632,3
3161,0.8577359910878595,1
3161,0.1422640089121405,3
3162,0.8147462924813317,1
3162,0.18525370751866832,3
3163,0.6747004590948045,1
3163,0.10856900379213956,2
3163,0.21673053711305607,3
3164,0.6607603669647465,1
3164,0.11123887767283776,2
3164,0.2280007553624158,3
3165,0.7416207333885098,1
3165,0.2583792666114903,3
3166,0.7608205931469358,1
3166,0.2391794068530641,3
3167,0.7611439157115001,2
3167,0.2388560842884999,3
3168,0.7133726988538001,2
3168,0.2866273011461999,3
3169,0.7133726988538001,2
3169,0.2866273011461999,3
3170,0.6721763638786769,1
3170,0.3278236361213232,3
3171,0.7035796341698657,1
3171,0.2964203658301344,3
3172,1.0,3
3173,1.0,3
3174,0.7346938775510204,1
3174,0.2653061224489796,3
3175,0.7346938775510203,1
3175,0.26530612244897955,3
3176,0.6893732970027249,1
3176,0.3106267029972752,2
3177,0.6984126984126984,1
3177,0.3015873015873016,2
3178,0.7564102564102565,1
3178,0.2435897435897436,2
3179,0.6806722689075629,1
3179,0.3193277310924369,2
3180,0.6997084548104956,1
3180,0.30029154518950435,2
3181,1.0,1
3182,1.0,1
3183,1.0,1
3208,0.7404036130184004,1
3208,0.25959638698159965,4
3209,0.6741839363591079,1
3209,0.32581606364089205,4
3210,0.2780296316103585,1
3210,0.4799912888744319,4
3210,0.2419790795152095,5
3211,0.6742679937721944,1
3211,0.12237559996279812,3
3211,0.20335640626500756,4
3212,0.6878361831164935,1
3212,0.16799345720123432,3
3212,0.1441703596822722,4
3213,0.6948569721774353,1
3213,0.18597371267527196,3
3213,0.11916931514729275,4
3214,0.8048722218520578,1
3214,0.19512777814794235,3
3215,0.8021881599081226,1
3215,0.1978118400918773,3
3216,0.7791781488527972,1
3216,0.2208218511472027,3
3217,0.8262283155718443,1
3217,0.1737716844281558,3
3218,1.0,1
3219,1.0,1
3220,0.6419798497465826,1
3220,0.3580201502534173,3
3221,0.4694205844785277,1
3221,0.5305794155214724,3
3222,0.48116935618844,1
3222,0.5188306438115599,3
3223,0.6043353206371963,1
3223,0.3956646793628037,3
3224,0.6386333762127994,1
3224,0.3613666237872006,3
3225,0.8577359910878595,1
3225,0.1422640089121405,3
3226,0.8157269605097075,1
3226,0.18427303949029253,3
3227,0.8157269605097075,1
3227,0.18427303949029253,3
3228,0.8157269605097075,1
3228,0.18427303949029253,3
3229,0.6751932671599521,1
3229,0.10887526332328802,2
3229,0.21593146951676,3
3230,0.7608205931469358,1
3230,0.2391794068530641,3
3231,0.7608205931469358,1
3231,0.2391794068530641,3
3232,0.7133726988538001,2
3232,0.2866273011461999,3
3233,0.7133726988538001,2
3233,0.2866273011461999,3
3234,0.498438758982149,1
3234,0.1128962132908263,2
3234,0.3886650277270246,3
3235,0.501985868183124,1
3235,0.11209779594082046,2
3235,0.3859163358760556,3
3236,0.468746599097828,1
3236,0.12026273403666173,2
3236,0.4109906668655103,3
3237,0.4515341198438294,1
3237,0.11406612311617645,2
3237,0.434399757039994,3
3238,1.0,1
3239,0.7346938775510204,1
3239,0.2653061224489796,3
3240,0.5647058823529412,1
3240,0.4352941176470588,2
3241,0.6976127320954908,1
3241,0.3023872679045093,2
3242,0.7564102564102565,1
3242,0.2435897435897436,2
3243,0.7564102564102565,1
3243,0.2435897435897436,2
3244,0.6806722689075629,1
3244,0.3193277310924369,2
3245,0.6798866855524079,1
3245,0.3201133144475921,2
3246,1.0,1
3247,1.0,1
3248,1.0,1
3249,0.7799227799227799,1
3249,0.22007722007722005,2
3274,0.6648351648351648,4
3274,0.33516483516483514,5
3275,0.6666666666666667,4
3275,0.33333333333333337,5
3276,0.3083716455356817,1
3276,0.12426281109299757,3
3276,0.452290290666307,4
3276,0.11507525270501374,5
3277,0.5499438839695934,1
3277,0.19727612903496086,3
3277,0.2527799869954459,4
3278,0.6691222588025106,1
3278,0.18608550002609667,3
3278,0.14479224117139267,4
3279,0.6758906764388963,1
3279,0.21014142930173427,3
3279,0.1139678942593694,4
3280,0.607753522030564,1
3280,0.2104074667122072,3
3280,0.1818390112572288,4
3281,0.6094552421460522,1
3281,0.21110767929908028,3
3281,0.17943707855486754,4
3282,0.7200561108337327,1
3282,0.2799438891662674,3
3283,0.7931077593023478,1
3283,0.20689224069765225,3
3284,1.0,1
3285,1.0,3
3286,0.4804178553097465,1
3286,0.5195821446902535,3
3287,0.48116935618844,1
3287,0.5188306438115599,3
3288,0.6043353206371963,1
3288,0.3956646793628037,3
3289,1.0,1
3290,0.8577359910878595,1
3290,0.1422640089121405,3
3291,0.8157269605097075,1
3291,0.18427303949029253,3
3292,0.8157269605097075,1
3292,0.18427303949029253,3
3293,0.8157269605097075,1
3293,0.18427303949029253,3
3294,0.7637566153660406,1
3294,0.2362433846339595,3
3295,0.7637566153660406,1
3295,0.2362433846339595,3
3296,0.7637566153660406,1
3296,0.2362433846339595,3
3297,0.5318470628041118,1
3297,0.4681529371958882,3
3298,0.5084622842037451,1
3298,0.4915377157962549,3
3299,0.4948358192515106,1
3299,0.11333624949281006,2
3299,0.3918279312556792,3
3300,0.5036480730446574,1
3300,0.11199594379871344,2
3300,0.38435598315662906,3
3301,0.4520689432983842,1
3301,0.12363416459032907,2
3301,0.4242968921112866,3
3302,0.4485522958587623,1
3302,0.11215987948772314,2
3302,0.4392878246535145,3
3303,0.4478453116226838,1
3303,0.1123036742050151,2
3303,0.4398510141723011,3
3304,1.0,1
3305,1.0,1
3306,0.7521929824561404,1
3306,0.2478070175438597,2
3307,0.7558886509635974,1
3307,0.2441113490364025,2
3308,0.7564102564102565,1
3308,0.2435897435897436,2
3309,0.6513761467889908,1
3309,0.3486238532110092,2
3310,0.65015479876161,1
3310,0.3498452012383901,2
3311,1.0,1
3312,1.0,1
3313,0.7799227799227799,1
3313,0.22007722007722005,2
3314,0.7799227799227799,1
3314,0.22007722007722005,2
3340,0.6881031996182531,4
3340,0.311896800381747,5
3341,0.2453846180285453,1
3341,0.6054917268306501,4
3341,0.14912365514080464,5
3342,0.4402230229547687,1
3342,0.2193115137083753,3
3342,0.340465463336856,4
3343,0.5701470333021773,1
3343,0.22983992381262344,3
3343,0.2000130428851992,4
3344,0.5662284279884601,1
3344,0.21008306180494696,3
3344,0.22368851020659292,4
3345,0.5500694896318189,1
3345,0.2033174700100925,3
3345,0.2466130403580885,4
3346,0.5191865687455228,1
3346,0.2326800800339156,3
3346,0.24813335122056165,4
3347,0.5222939310810017,1
3347,0.23499265984997197,3
3347,0.2427134090690261,4
3348,0.4833530490437695,1
3348,0.18758212031268973,3
3348,0.3290648306435407,4
3349,1.0,3
3350,0.8351834210133344,1
3350,0.16481657898666566,3
3351,0.8351100344030707,1
3351,0.1648899655969293,3
3352,0.8173069042353797,1
3352,0.18269309576462045,3
3353,1.0,1
3354,1.0,1
3355,1.0,1
3356,1.0,1
3357,0.8461806127924235,1
3357,0.15381938720757649,3
3358,0.8461806127924235,1
3358,0.15381938720757649,3
3359,0.7637566153660406,1
3359,0.2362433846339595,3
3360,0.7637566153660406,1
3360,0.2362433846339595,3
3361,0.7637566153660406,1
3361,0.2362433846339595,3
3362,0.5485595576222146,1
3362,0.4514404423777853,3
3363,0.5236093336687788,1
3363,0.4763906663312213,3
3364,0.5145550704615873,1
3364,0.1075034505184256,2
3364,0.37794147901998704,3
3365,0.5232228364074795,1
3365,0.1066204747616725,2
3365,0.3701566888308479,3
3366,0.4935403836245028,1
3366,0.5064596163754972,3
3367,0.5277499456624672,1
3367,0.4722500543375327,3
3368,0.5314102339460757,1
3368,0.4685897660539243,3
3369,1.0,1
3370,1.0,1
3371,0.6763005780346821,1
3371,0.3236994219653179,2
3372,0.7674897119341564,1
3372,0.2325102880658436,2
3373,0.7659137577002053,1
3373,0.23408624229979466,2
3374,0.6695652173913044,1
3374,0.33043478260869563,2
3375,1.0,1
3376,1.0,1
3377,1.0,1
3378,0.7799227799227799,1
3378,0.22007722007722005,2
3406,0.7631106801445146,4
3406,0.23688931985548545,5
3407,0.5480731148408782,1
3407,0.4519268851591218,4
3408,0.5755448824657806,1
3408,0.42445511753421933,4
3409,0.4767157286075423,1
3409,0.24079191403826886,3
3409,0.2824923573541888,4
3410,0.50324296446277,1
3410,0.2303920232420072,3
3410,0.2663650122952228,4
3411,0.5095915706033373,1
3411,0.2286773232478999,3
3411,0.2617311061487628,4
3412,0.542760232426337,1
3412,0.1855852631100476,3
3412,0.2716545044636154,4
3413,0.2419573448077048,1
3413,0.1364541802683512,3
3413,0.621588474923944,4
3414,0.8326872639968882,1
3414,0.16731273600311194,3
3415,0.8340619938411664,1
3415,0.16593800615883353,3
3416,0.8215270249082752,1
3416,0.1784729750917248,3
3417,0.8183758677871381,1
3417,0.1816241322128619,3
3418,0.7897853481091541,1
3418,0.2102146518908458,3
3419,1.0,1
3420,1.0,1
3421,1.0,1
3422,1.0,1
3423,0.7637566153660406,1
3423,0.2362433846339595,3
3424,0.7637566153660406,1
3424,0.2362433846339595,3
3425,0.7637566153660406,1
3425,0.2362433846339595,3
3426,0.5025798264155155,1
3426,0.4974201735844845,3
3427,0.548618020039593,1
3427,0.4513819799604069,3
3428,0.5255899008361455,1
3428,0.4744100991638545,3
3429,0.4959458752818355,1
3429,0.11231620259785538,2
3429,0.3917379221203091,3
3430,0.5854386692121625,1
3430,0.4145613307878376,3
3431,0.5167996960169802,1
3431,0.4832003039830197,3
3432,0.5204516867907809,1
3432,0.4795483132092192,3
3433,0.5314102339460757,1
3433,0.4685897660539243,3
3434,0.346483704974271,1
3434,0.10082921397450173,2
3434,0.4523440278779854,3
3434,0.10034305317324184,4
3435,1.0,1
3436,1.0,1
3437,1.0,1
3438,1.0,1
3439,1.0,1
3440,1.0,1
3441,1.0,1
3442,1.0,1
3472,0.5345824785967419,1
3472,0.4654175214032581,4
3473,0.5101203943200796,1
3473,0.4898796056799204,4
3474,0.4625867928072944,1
3474,0.20489596032882654,3
3474,0.33251724686387896,4
3475,0.4732835611117334,1
3475,0.18522820848735744,3
3475,0.34148823040090914,4
3476,0.50071240701727,1
3476,0.1881417983589875,3
3476,0.3111457946237425,4
3477,0.4501271405541939,1
3477,0.16382013566849182,3
3477,0.3860527237773143,4
3478,0.2419573448077048,1
3478,0.1364541802683512,3
3478,0.621588474923944,4
3479,1.0,3
3480,0.7964649410075818,1
3480,0.20353505899241814,4
3481,0.7964649410075818,1
3481,0.20353505899241814,4
3482,0.7964649410075818,1
3482,0.20353505899241814,4
3483,0.6877766405256673,1
3483,0.20670847915532856,3
3483,0.10551488031900412,4
3484,0.7710798984561039,1
3484,0.228920101543896,3
3485,0.6698793135592327,1
3485,0.2204845026520722,3
3485,0.10963618378869516,4
3486,0.7417620671339881,1
3486,0.25823793286601193,3
3487,0.6983826310568128,1
3487,0.3016173689431873,3
3488,0.7025494509260434,1
3488,0.2974505490739566,3
3489,0.6315922486893721,1
3489,0.368407751310628,3
3490,0.6922427679069412,1
3490,0.30775723209305883,3
3491,0.6018375707646507,1
3491,0.3981624292353493,3
3492,0.5475150349974636,1
3492,0.4524849650025364,3
3493,0.5709415563426314,1
3493,0.4290584436573686,3
3494,0.5208598285142558,1
3494,0.11317723434023375,2
3494,0.3659629371455104,3
3495,0.4789793781000632,1
3495,0.11303257957743885,2
3495,0.407988042322498,3
3496,0.5204516867907809,1
3496,0.4795483132092192,3
3497,1.0,3
3498,1.0,3
3499,1.0,3
3500,1.0,3
3501,1.0,1
3502,1.0,1
3503,1.0,1
3504,1.0,1
3505,1.0,1
3506,1.0,1
3537,0.7359319165016927,1
3537,0.2640680834983073,4
3538,0.5258776791117002,1
3538,0.4741223208882997,4
3539,0.5266326263417369,1
3539,0.4733673736582631,4
3540,0.5274725233532928,1
3540,0.4725274766467073,4
3541,0.532554246563449,1
3541,0.467445753436551,4
3542,0.3864643843685266,1
3542,0.17162207183437955,3
3542,0.44191354379709386,4
3543,0.2664695252176765,1
3543,0.7335304747823235,4
3544,0.7964649410075818,1
3544,0.20353505899241814,4
3545,0.7964649410075818,1
3545,0.20353505899241814,4
3546,0.7964649410075818,1
3546,0.20353505899241814,4
3547,0.7964649410075818,1
3547,0.20353505899241814,4
3548,0.7964649410075818,1
3548,0.20353505899241814,4
3549,0.6524577392969089,1
3549,0.23493151430151746,3
3549,0.11261074640157362,4
3550,0.6464694913441689,1
3550,0.23356104544942896,3
3550,0.1199694632064022,4
3551,0.6968192786281131,1
3551,0.30318072137188695,3
3552,0.6925365961458834,1
3552,0.3074634038541166,3
3553,0.6925365961458834,1
3553,0.30746340385411663,3
3554,0.6351938172475825,1
3554,0.3648061827524175,3
3555,0.6797291848383299,1
3555,0.3202708151616701,3
3556,0.7232142857142857,3
3556,0.2767857142857143,4
3557,0.6237716666746675,1
3557,0.3762283333253324,3
3558,0.5730035624181163,1
3558,0.4269964375818837,3
3559,0.5785141647292268,1
3559,0.4214858352707733,3
3560,0.4479357202619658,1
3560,0.12110176423701467,2
3560,0.4309625155010196,3
3561,1.0,3
3562,1.0,3
3563,1.0,3
3564,1.0,3
3565,1.0,3
3566,1.0,3
3567,1.0,1
3568,1.0,1
3569,1.0,1
3570,1.0,1
3603,0.6689827750619838,1
3603,0.3310172249380162,4
3604,0.4462960654171431,1
3604,0.5537039345828569,4
3605,0.4419070198965576,1
3605,0.5580929801034423,4
3606,0.32948238785196343,1
3606,0.1835272769982337,3
3606,0.4869903351498029,4
3607,0.4215088027789504,1
3607,0.5784911972210495,4
3608,0.7853819165083818,1
3608,0.2146180834916182,4
3609,0.7964649410075818,1
3609,0.20353505899241814,4
3610,0.7964649410075818,1
3610,0.20353505899241814,4
3611,0.7964649410075818,1
3611,0.20353505899241814,4
3612,0.7964649410075818,1
3612,0.20353505899241814,4
3613,0.7964649410075818,1
3613,0.20353505899241814,4
3614,0.6460875503422625,1
3614,0.2391585747100215,3
3614,0.11475387494771587,4
3615,0.6019387377090882,1
3615,0.26526076905052104,3
3615,0.1328004932403908,4
3616,0.6964164240036369,1
3616,0.30358357599636304,3
3617,0.6956298416860676,1
3617,0.3043701583139324,3
3618,0.6956298416860676,1
3618,0.3043701583139324,3
3619,0.7232142857142857,3
3619,0.2767857142857143,4
3620,0.7232142857142857,3
3620,0.2767857142857143,4
3621,0.7232142857142857,3
3621,0.2767857142857143,4
3622,0.7232142857142857,3
3622,0.2767857142857143,4
3623,0.7232142857142857,3
3623,0.2767857142857143,4
3624,0.4639138405380918,1
3624,0.5360861594619081,3
3625,0.4965234335087295,1
3625,0.5034765664912705,3
3626,1.0,3
3627,1.0,3
3628,1.0,3
3629,1.0,3
3630,1.0,3
3631,1.0,3
3632,1.0,1
3633,1.0,1
3634,1.0,1
3635,1.0,1
3671,0.1111111111111111,1
3671,0.1111111111111111,3
3671,0.7777777777777778,4
3672,0.125,3
3672,0.875,4
3673,0.7869462836246782,1
3673,0.21305371637532172,4
3674,0.7964649410075818,1
3674,0.20353505899241814,4
3675,0.7964649410075818,1
3675,0.20353505899241814,4
3676,0.7964649410075818,1
3676,0.20353505899241814,4
3677,0.7964649410075818,1
3677,0.20353505899241814,4
3678,0.7655968693064826,1
3678,0.2344031306935173,4
3679,0.5933121728762188,1
3679,0.2657777988144601,3
3679,0.1409100283093211,4
3680,0.6046456800769594,1
3680,0.2624945587889777,3
3680,0.13285976113406278,4
3681,0.69616690748425,1
3681,0.30383309251574986,3
3682,0.7882665479086284,1
3682,0.2117334520913717,3
3683,0.7662494028980448,1
3683,0.2337505971019552,3
3684,0.7232142857142857,3
3684,0.2767857142857143,4
3685,0.7232142857142857,3
3685,0.2767857142857143,4
3686,0.7232142857142857,3
3686,0.2767857142857143,4
3687,0.7232142857142857,3
3687,0.2767857142857143,4
3688,0.7232142857142857,3
3688,0.2767857142857143,4
3689,0.7232142857142857,3
3689,0.2767857142857143,4
3690,0.4752980535666082,1
3690,0.5247019464333919,3
3691,1.0,3
3692,1.0,3
3693,1.0,3
3694,1.0,3
3695,1.0,3
3696,1.0,3
3697,0.5308804204993429,1
3697,0.14980289093298296,2
3697,0.3193166885676741,3
3741,0.7655968693064826,1
3741,0.2344031306935173,4
3742,0.7444067596446816,1
3742,0.1267013111870565,3
3742,0.12889192916826192,4
3743,0.7444067596446816,1
3743,0.1267013111870565,3
3743,0.12889192916826192,4
3744,0.8095015948535094,1
3744,0.19049840514649052,3
3745,0.8095015948535095,1
3745,0.19049840514649052,3
3746,0.8095015948535095,1
3746,0.19049840514649052,3
3747,0.7668138561189316,1
3747,0.23318614388106834,3
3748,0.7668138561189316,1
3748,0.23318614388106834,3
3749,0.7232142857142857,3
3749,0.2767857142857143,4
3750,0.7232142857142857,3
3750,0.2767857142857143,4
3751,0.7232142857142857,3
3751,0.2767857142857143,4
3752,0.7232142857142857,3
3752,0.2767857142857143,4
3753,0.7232142857142857,3
3753,0.2767857142857143,4
3754,0.7232142857142857,3
3754,0.2767857142857143,4
3755,0.474852033940553,1
3755,0.5251479660594471,3
3756,1.0,3
3757,1.0,3
3758,1.0,3
3759,1.0,3
3806,0.7370321937854165,1
3806,0.2629678062145835,4
3807,0.7444067596446816,1
3807,0.1267013111870565,3
3807,0.12889192916826192,4
3808,0.8095015948535094,1
3808,0.19049840514649052,3
3809,0.8095015948535094,1
3809,0.19049840514649052,3
3810,0.8095015948535094,1
3810,0.19049840514649052,3
3811,0.8095015948535095,1
3811,0.19049840514649052,3
3812,0.686834299326178,1
3812,0.20566562824947898,3
3812,0.10750007242434301,4
3813,0.686834299326178,1
3813,0.20566562824947898,3
3813,0.10750007242434301,4
3814,0.7232142857142857,3
3814,0.2767857142857143,4
3815,0.7232142857142857,3
3815,0.2767857142857143,4
3816,0.7232142857142857,3
3816,0.2767857142857143,4
3818,0.7232142857142857,3
3818,0.2767857142857143,4
3819,0.7232142857142857,3
3819,0.2767857142857143,4
3820,0.8669527896995709,3
3820,0.1330472103004292,4
3872,0.8095015948535094,1
3872,0.19049840514649052,3
3873,0.8095015948535094,1
3873,0.19049840514649052,3
3874,0.8095015948535094,1
3874,0.19049840514649052,3
3875,0.8095015948535094,1
3875,0.19049840514649052,3
3876,0.8095015948535095,1
3876,0.19049840514649052,3
3877,0.686834299326178,1
3877,0.20566562824947898,3
3877,0.10750007242434301,4
3878,0.686834299326178,1
3878,0.20566562824947898,3
3878,0.10750007242434301,4
3938,0.8095015948535094,1
3938,0.19049840514649052,3
3939,0.8095015948535094,1
3939,0.19049840514649052,3
3940,0.8095015948535094,1
3940,0.19049840514649052,3
3941,0.8095015948535095,1
3941,0.19049840514649052,3
4002,0.8095015948535094,1
4002,0.19049840514649052,3
4003,0.8095015948535094,1
4003,0.19049840514649052,3
4004,0.8095015948535094,1
4004,0.19049840514649052,3
4005,0.8095015948535095,1
4005,0.19049840514649052,3
4067,1.0,4
4068,0.8095015948535095,1
4068,0.19049840514649052,3
4069,0.8095015948535095,1
4069,0.19049840514649052,3
4132,0.7444067596446816,1
4132,0.1267013111870565,3
4132,0.12889192916826192,4
4133,0.7444067596446816,1
4133,0.1267013111870565,3
4133,0.12889192916826192,4
