time,DRN01,DRN02,DRN03,DRN04,DRN05,DRN06,DRN07,DRN08,DRN09,DRN10,DRN11,DRN12,DRN13,DRN14,DRN15,DRN16,DRN17,DRN18
30.40000000000,-0.17980E+06,-0.15340E+07,-0.24378E+06,-0.31470E+07,-0.87559E+07,-0.85866E+06,-0.44228E+07,-0.51556E+07,-0.23789E+08,-0.31823E+06,-0.96972E+07,-0.77903E+07,-0.14022E+08,-0.92109E+07,-0.43363E+07,-0.45484E+07,-0.60040E+07,-0.31548E+07
61.40000000000,-0.17609E+06,-0.14750E+07,-0.23083E+06,-0.29938E+07,-0.82951E+07,-0.84152E+06,-0.40325E+07,-0.45171E+07,-0.20907E+08,-0.29961E+06,-0.84110E+07,-0.51859E+07,-0.13003E+08,-0.80197E+07,-0.41458E+07,-0.27519E+07,-0.49009E+07,-0.29574E+07
89.40000000000,-0.17289E+06,-0.14287E+07,-0.22113E+06,-0.28634E+07,-0.79281E+07,-0.82699E+06,-0.37704E+07,-0.41391E+07,-0.19596E+08,-0.28610E+06,-0.79676E+07,-0.42761E+07,-0.12504E+08,-0.71444E+07,-0.39813E+07,-0.19441E+07,-0.43067E+07,-0.27905E+07
120.4000000000,-0.16968E+06,-0.13850E+07,-0.21173E+06,-0.27282E+07,-0.75771E+07,-0.81240E+06,-0.35515E+07,-0.38555E+07,-0.18834E+08,-0.27470E+06,-0.77363E+07,-0.38696E+07,-0.11765E+08,-0.63577E+07,-0.38083E+07,-0.15634E+07,-0.39137E+07,-0.26197E+07
150.4000000000,-0.16943E+06,-0.13650E+07,-0.21107E+06,-0.26702E+07,-0.75901E+07,-0.80838E+06,-0.35550E+07,-0.38866E+07,-0.21540E+08,-0.25899E+06,-0.84409E+07,-0.45219E+07,-0.11927E+08,-0.64101E+07,-0.37278E+07,-0.25366E+07,-0.48948E+07,-0.25581E+07
181.4000000000,-0.17221E+06,-0.14295E+07,-0.22076E+06,-0.27199E+07,-0.79602E+07,-0.83272E+06,-0.41603E+07,-0.43518E+07,-0.25297E+08,-0.26452E+06,-0.10342E+08,-0.71174E+07,-0.12840E+08,-0.75724E+07,-0.37338E+07,-0.47334E+07,-0.66905E+07,-0.26389E+07
211.4000000000,-0.17428E+06,-0.14797E+07,-0.22870E+06,-0.27720E+07,-0.83080E+07,-0.86341E+06,-0.45871E+07,-0.46644E+07,-0.27730E+08,-0.23844E+06,-0.12069E+08,-0.85220E+07,-0.13920E+08,-0.85983E+07,-0.37907E+07,-0.62135E+07,-0.81966E+07,-0.27693E+07
242.4000000000,-0.17572E+06,-0.15386E+07,-0.23896E+06,-0.28654E+07,-0.87382E+07,-0.88550E+06,-0.51014E+07,-0.50606E+07,-0.28944E+08,-0.24938E+06,-0.12953E+08,-0.89271E+07,-0.14714E+08,-0.94576E+07,-0.39159E+07,-0.66249E+07,-0.89389E+07,-0.29310E+07
273.4000000000,-0.17664E+06,-0.15840E+07,-0.24652E+06,-0.29219E+07,-0.90486E+07,-0.90435E+06,-0.54535E+07,-0.52443E+07,-0.29163E+08,-0.25445E+06,-0.13414E+08,-0.89685E+07,-0.15308E+08,-0.10058E+08,-0.39597E+07,-0.66990E+07,-0.93683E+07,-0.30276E+07
303.4000000000,-0.17909E+06,-0.15969E+07,-0.24820E+06,-0.29465E+07,-0.90920E+07,-0.90697E+06,-0.53172E+07,-0.53281E+07,-0.27303E+08,-0.26960E+06,-0.12411E+08,-0.93218E+07,-0.15429E+08,-0.10084E+08,-0.39936E+07,-0.57586E+07,-0.85964E+07,-0.30892E+07
334.4000000000,-0.17662E+06,-0.15378E+07,-0.23659E+06,-0.28185E+07,-0.87444E+07,-0.88658E+06,-0.48649E+07,-0.46357E+07,-0.24848E+08,-0.24488E+06,-0.10703E+08,-0.58289E+07,-0.14624E+08,-0.89157E+07,-0.38051E+07,-0.35474E+07,-0.74651E+07,-0.29745E+07
364.4000000000,-0.17331E+06,-0.14801E+07,-0.22501E+06,-0.26847E+07,-0.82347E+07,-0.86744E+06,-0.44031E+07,-0.41715E+07,-0.21520E+08,-0.24197E+06,-0.92314E+07,-0.43513E+07,-0.13490E+08,-0.77736E+07,-0.36371E+07,-0.22653E+07,-0.58469E+07,-0.27806E+07
395.4000000000,-0.17006E+06,-0.14287E+07,-0.21422E+06,-0.25567E+07,-0.77917E+07,-0.84940E+06,-0.40518E+07,-0.38393E+07,-0.19858E+08,-0.24170E+06,-0.83478E+07,-0.36092E+07,-0.12425E+08,-0.68234E+07,-0.34771E+07,-0.16859E+07,-0.48774E+07,-0.25997E+07
426.4000000000,-0.16687E+06,-0.13842E+07,-0.20430E+06,-0.24361E+07,-0.74087E+07,-0.83256E+06,-0.37915E+07,-0.35985E+07,-0.18829E+08,-0.24018E+06,-0.77236E+07,-0.31726E+07,-0.11633E+08,-0.60647E+07,-0.33305E+07,-0.14143E+07,-0.42721E+07,-0.24332E+07
454.4000000000,-0.16403E+06,-0.13464E+07,-0.19597E+06,-0.23320E+07,-0.71020E+07,-0.81817E+06,-0.35924E+07,-0.34123E+07,-0.18158E+08,-0.23850E+06,-0.73236E+07,-0.29255E+07,-0.11016E+08,-0.54935E+07,-0.32053E+07,-0.12712E+07,-0.38953E+07,-0.22926E+07
485.4000000000,-0.16094E+06,-0.13064E+07,-0.18750E+06,-0.22229E+07,-0.68069E+07,-0.80316E+06,-0.34068E+07,-0.32369E+07,-0.17630E+08,-0.23574E+06,-0.69270E+07,-0.27509E+07,-0.10482E+08,-0.49770E+07,-0.30736E+07,-0.11911E+07,-0.36159E+07,-0.21489E+07
515.4000000000,-0.15998E+06,-0.12846E+07,-0.18789E+06,-0.21855E+07,-0.67933E+07,-0.79834E+06,-0.34506E+07,-0.32781E+07,-0.20054E+08,-0.19987E+06,-0.76687E+07,-0.34103E+07,-0.10635E+08,-0.53509E+07,-0.29754E+07,-0.22905E+07,-0.46593E+07,-0.21167E+07
546.4000000000,-0.16329E+06,-0.13701E+07,-0.19958E+06,-0.22553E+07,-0.72336E+07,-0.82272E+06,-0.41276E+07,-0.37462E+07,-0.24131E+08,-0.19667E+06,-0.96830E+07,-0.65494E+07,-0.11708E+08,-0.66576E+07,-0.29716E+07,-0.44364E+07,-0.65656E+07,-0.22031E+07
576.4000000000,-0.16511E+06,-0.14168E+07,-0.20483E+06,-0.22869E+07,-0.74699E+07,-0.84689E+06,-0.46145E+07,-0.38676E+07,-0.24886E+08,-0.17577E+06,-0.10469E+08,-0.73220E+07,-0.12635E+08,-0.73447E+07,-0.29995E+07,-0.53333E+07,-0.76609E+07,-0.23142E+07
607.4000000000,-0.16597E+06,-0.14500E+07,-0.21198E+06,-0.23324E+07,-0.78090E+07,-0.86640E+06,-0.49781E+07,-0.40094E+07,-0.26195E+08,-0.16876E+06,-0.11488E+08,-0.73723E+07,-0.13386E+08,-0.78883E+07,-0.30312E+07,-0.56943E+07,-0.85233E+07,-0.24340E+07
638.4000000000,-0.16682E+06,-0.14686E+07,-0.21811E+06,-0.23542E+07,-0.79627E+07,-0.88288E+06,-0.51060E+07,-0.40771E+07,-0.25829E+08,-0.15466E+06,-0.11612E+08,-0.72233E+07,-0.13875E+08,-0.84663E+07,-0.30236E+07,-0.60111E+07,-0.86147E+07,-0.25138E+07
668.4000000000,-0.16696E+06,-0.14690E+07,-0.22010E+06,-0.23235E+07,-0.80451E+07,-0.88640E+06,-0.50160E+07,-0.40354E+07,-0.25058E+08,-0.14584E+06,-0.11300E+08,-0.64536E+07,-0.13851E+08,-0.86470E+07,-0.29344E+07,-0.55892E+07,-0.82343E+07,-0.25033E+07
699.4000000000,-0.16415E+06,-0.14015E+07,-0.21214E+06,-0.22243E+07,-0.76939E+07,-0.86557E+06,-0.43533E+07,-0.37438E+07,-0.21122E+08,-0.13182E+06,-0.91725E+07,-0.43386E+07,-0.13049E+08,-0.78463E+07,-0.28008E+07,-0.37159E+07,-0.68512E+07,-0.23969E+07
729.4000000000,-0.16085E+06,-0.13513E+07,-0.20183E+06,-0.21180E+07,-0.72523E+07,-0.84608E+06,-0.39601E+07,-0.34777E+07,-0.19010E+08,-0.13546E+06,-0.81058E+07,-0.32849E+07,-0.12139E+08,-0.68548E+07,-0.26827E+07,-0.22905E+07,-0.54220E+07,-0.22376E+07
760.4000000000,-0.15768E+06,-0.13087E+07,-0.19222E+06,-0.20155E+07,-0.68744E+07,-0.82783E+06,-0.36864E+07,-0.32550E+07,-0.17871E+08,-0.14095E+06,-0.74030E+07,-0.27895E+07,-0.11389E+08,-0.60261E+07,-0.25721E+07,-0.16304E+07,-0.45649E+07,-0.20905E+07
791.4000000000,-0.15464E+06,-0.12694E+07,-0.18336E+06,-0.19184E+07,-0.65484E+07,-0.81096E+06,-0.34606E+07,-0.30652E+07,-0.17126E+08,-0.14461E+06,-0.68915E+07,-0.25250E+07,-0.10729E+08,-0.53491E+07,-0.24702E+07,-0.13461E+07,-0.40277E+07,-0.19556E+07
820.4000000000,-0.15184E+06,-0.12348E+07,-0.17564E+06,-0.18315E+07,-0.62792E+07,-0.79612E+06,-0.32929E+07,-0.29100E+07,-0.16605E+08,-0.14602E+06,-0.65107E+07,-0.23695E+07,-0.10051E+08,-0.48215E+07,-0.23868E+07,-0.12062E+07,-0.36803E+07,-0.18382E+07
851.4000000000,-0.14893E+06,-0.12000E+07,-0.16813E+06,-0.17436E+07,-0.60326E+07,-0.78134E+06,-0.31440E+07,-0.27694E+07,-0.16215E+08,-0.14584E+06,-0.62470E+07,-0.22695E+07,-0.95132E+07,-0.43785E+07,-0.23027E+07,-0.11309E+07,-0.34388E+07,-0.17229E+07
881.4000000000,-0.14905E+06,-0.11946E+07,-0.17245E+06,-0.17574E+07,-0.62646E+07,-0.78486E+06,-0.32029E+07,-0.29981E+07,-0.19638E+08,-0.14323E+06,-0.70887E+07,-0.36442E+07,-0.98807E+07,-0.49728E+07,-0.22764E+07,-0.22560E+07,-0.45609E+07,-0.17371E+07
912.4000000000,-0.15139E+06,-0.12554E+07,-0.18155E+06,-0.18153E+07,-0.66504E+07,-0.81245E+06,-0.38463E+07,-0.33154E+07,-0.23478E+08,-0.12546E+06,-0.89906E+07,-0.58436E+07,-0.10847E+08,-0.59237E+07,-0.22688E+07,-0.38970E+07,-0.62285E+07,-0.18311E+07
942.4000000000,-0.15308E+06,-0.13020E+07,-0.18771E+06,-0.18624E+07,-0.68725E+07,-0.83797E+06,-0.43378E+07,-0.34895E+07,-0.24412E+08,-0.10295E+06,-0.99174E+07,-0.69385E+07,-0.11760E+08,-0.66951E+07,-0.22856E+07,-0.49880E+07,-0.73579E+07,-0.19282E+07
973.4000000000,-0.15312E+06,-0.12993E+07,-0.19118E+06,-0.18980E+07,-0.69950E+07,-0.85122E+06,-0.42748E+07,-0.35005E+07,-0.23171E+08,-91139.,-0.96034E+07,-0.62107E+07,-0.12348E+08,-0.71428E+07,-0.23044E+07,-0.52292E+07,-0.76087E+07,-0.20181E+07
1004.400000000,-0.15295E+06,-0.12929E+07,-0.19685E+06,-0.19131E+07,-0.71494E+07,-0.86062E+06,-0.41812E+07,-0.35745E+07,-0.23308E+08,-83490.,-0.98718E+07,-0.62913E+07,-0.12689E+08,-0.75023E+07,-0.23056E+07,-0.52743E+07,-0.74991E+07,-0.20872E+07
1034.400000000,-0.15241E+06,-0.12473E+07,-0.19749E+06,-0.18807E+07,-0.71125E+07,-0.86127E+06,-0.36584E+07,-0.34963E+07,-0.20990E+08,-80861.,-0.86164E+07,-0.55481E+07,-0.12516E+08,-0.76621E+07,-0.22532E+07,-0.48814E+07,-0.69220E+07,-0.20803E+07
1065.400000000,-0.14972E+06,-0.11856E+07,-0.18813E+06,-0.17985E+07,-0.68331E+07,-0.84101E+06,-0.31978E+07,-0.31863E+07,-0.17715E+08,-64257.,-0.70002E+07,-0.35364E+07,-0.11819E+08,-0.69206E+07,-0.21456E+07,-0.31612E+07,-0.59779E+07,-0.19960E+07
1095.400000000,-0.14649E+06,-0.11468E+07,-0.17971E+06,-0.17079E+07,-0.64589E+07,-0.82132E+06,-0.29778E+07,-0.29609E+07,-0.16468E+08,-66414.,-0.63834E+07,-0.27108E+07,-0.11337E+08,-0.60427E+07,-0.20598E+07,-0.19637E+07,-0.48319E+07,-0.18615E+07
1126.400000000,-0.14342E+06,-0.11129E+07,-0.17173E+06,-0.16210E+07,-0.61381E+07,-0.80294E+06,-0.28371E+07,-0.27794E+07,-0.15833E+08,-70620.,-0.59567E+07,-0.23428E+07,-0.10568E+08,-0.53103E+07,-0.19811E+07,-0.14535E+07,-0.41379E+07,-0.17381E+07
1157.400000000,-0.14047E+06,-0.10819E+07,-0.16436E+06,-0.15472E+07,-0.58632E+07,-0.78598E+06,-0.27173E+07,-0.26254E+07,-0.15394E+08,-73762.,-0.56405E+07,-0.21682E+07,-0.99499E+07,-0.47142E+07,-0.19089E+07,-0.12313E+07,-0.36981E+07,-0.16255E+07
1185.400000000,-0.13788E+06,-0.10552E+07,-0.15811E+06,-0.14844E+07,-0.56427E+07,-0.77158E+06,-0.26244E+07,-0.25027E+07,-0.15073E+08,-75450.,-0.54531E+07,-0.20776E+07,-0.94509E+07,-0.42801E+07,-0.18486E+07,-0.11224E+07,-0.34299E+07,-0.15309E+07
1216.400000000,-0.13510E+06,-0.10271E+07,-0.15175E+06,-0.14183E+07,-0.54300E+07,-0.75660E+06,-0.25347E+07,-0.23908E+07,-0.14808E+08,-78124.,-0.53232E+07,-0.20101E+07,-0.91610E+07,-0.39045E+07,-0.17860E+07,-0.10555E+07,-0.32324E+07,-0.14395E+07
1246.400000000,-0.13431E+06,-0.10074E+07,-0.15130E+06,-0.14060E+07,-0.54960E+07,-0.74531E+06,-0.25720E+07,-0.24432E+07,-0.16545E+08,-78163.,-0.57527E+07,-0.22138E+07,-0.93503E+07,-0.39339E+07,-0.17820E+07,-0.14251E+07,-0.41561E+07,-0.14514E+07
1277.400000000,-0.13708E+06,-0.10696E+07,-0.16045E+06,-0.14738E+07,-0.59974E+07,-0.77195E+06,-0.31786E+07,-0.27909E+07,-0.21600E+08,-77552.,-0.79477E+07,-0.45219E+07,-0.10426E+08,-0.48513E+07,-0.18334E+07,-0.31111E+07,-0.63935E+07,-0.15650E+07
1307.400000000,-0.13897E+06,-0.11271E+07,-0.16785E+06,-0.15471E+07,-0.63723E+07,-0.79731E+06,-0.37360E+07,-0.30604E+07,-0.24134E+08,-71744.,-0.96859E+07,-0.60120E+07,-0.11543E+08,-0.57289E+07,-0.19193E+07,-0.45761E+07,-0.77691E+07,-0.17073E+07
1338.400000000,-0.14041E+06,-0.11717E+07,-0.17444E+06,-0.16320E+07,-0.67223E+07,-0.82138E+06,-0.41765E+07,-0.32925E+07,-0.24975E+08,-79360.,-0.10441E+08,-0.66232E+07,-0.12411E+08,-0.62906E+07,-0.20411E+07,-0.50341E+07,-0.86024E+07,-0.18562E+07
1369.400000000,-0.14207E+06,-0.12203E+07,-0.18499E+06,-0.17337E+07,-0.71065E+07,-0.83604E+06,-0.44844E+07,-0.35705E+07,-0.25664E+08,-95111.,-0.10936E+08,-0.67717E+07,-0.13106E+08,-0.72198E+07,-0.21794E+07,-0.57374E+07,-0.89501E+07,-0.20120E+07
1399.400000000,-0.14336E+06,-0.12415E+07,-0.18853E+06,-0.17560E+07,-0.72380E+07,-0.84664E+06,-0.45501E+07,-0.35798E+07,-0.24342E+08,-94167.,-0.10517E+08,-0.63585E+07,-0.13262E+08,-0.74688E+07,-0.21810E+07,-0.52841E+07,-0.85767E+07,-0.20462E+07
1430.400000000,-0.14189E+06,-0.11847E+07,-0.18021E+06,-0.16864E+07,-0.68364E+07,-0.83110E+06,-0.38924E+07,-0.32343E+07,-0.19994E+08,-76384.,-0.83404E+07,-0.42952E+07,-0.12595E+08,-0.66932E+07,-0.20919E+07,-0.32747E+07,-0.70512E+07,-0.19420E+07
1460.400000000,-0.13895E+06,-0.11423E+07,-0.17206E+06,-0.16038E+07,-0.64371E+07,-0.81197E+06,-0.34986E+07,-0.29620E+07,-0.17857E+08,-77527.,-0.73246E+07,-0.30016E+07,-0.11578E+08,-0.58352E+07,-0.20087E+07,-0.20016E+07,-0.55056E+07,-0.18099E+07
1491.400000000,-0.13614E+06,-0.11092E+07,-0.16440E+06,-0.15257E+07,-0.60965E+07,-0.79405E+06,-0.32351E+07,-0.27491E+07,-0.16751E+08,-81700.,-0.66604E+07,-0.24582E+07,-0.10653E+08,-0.51197E+07,-0.19314E+07,-0.14667E+07,-0.45811E+07,-0.16885E+07
1522.400000000,-0.13343E+06,-0.10785E+07,-0.15732E+06,-0.14526E+07,-0.58049E+07,-0.77748E+06,-0.30289E+07,-0.25745E+07,-0.16049E+08,-84757.,-0.61775E+07,-0.22019E+07,-0.99943E+07,-0.45354E+07,-0.18594E+07,-0.12377E+07,-0.40063E+07,-0.15774E+07
1550.400000000,-0.13102E+06,-0.10520E+07,-0.15136E+06,-0.13930E+07,-0.55748E+07,-0.76340E+06,-0.28866E+07,-0.24389E+07,-0.15582E+08,-86056.,-0.58346E+07,-0.20688E+07,-0.94650E+07,-0.41103E+07,-0.17993E+07,-0.11226E+07,-0.36488E+07,-0.14842E+07
1581.400000000,-0.12850E+06,-0.10249E+07,-0.14566E+06,-0.13381E+07,-0.53666E+07,-0.74900E+06,-0.27639E+07,-0.23407E+07,-0.15457E+08,-86427.,-0.59022E+07,-0.20033E+07,-0.90795E+07,-0.37551E+07,-0.17392E+07,-0.10627E+07,-0.34002E+07,-0.13971E+07
1611.400000000,-0.13235E+06,-0.10747E+07,-0.15448E+06,-0.14065E+07,-0.56878E+07,-0.76158E+06,-0.31683E+07,-0.27756E+07,-0.19790E+08,-94896.,-0.73872E+07,-0.44744E+07,-0.97309E+07,-0.45197E+07,-0.18218E+07,-0.23389E+07,-0.49558E+07,-0.15004E+07
1642.400000000,-0.13751E+06,-0.11604E+07,-0.16480E+06,-0.15086E+07,-0.61479E+07,-0.79131E+06,-0.38346E+07,-0.31646E+07,-0.22975E+08,-87553.,-0.90568E+07,-0.65457E+07,-0.10601E+08,-0.55781E+07,-0.18652E+07,-0.38865E+07,-0.62703E+07,-0.16009E+07
1672.400000000,-0.13892E+06,-0.11919E+07,-0.17234E+06,-0.15546E+07,-0.64467E+07,-0.81143E+06,-0.42066E+07,-0.32593E+07,-0.23760E+08,-58287.,-0.98869E+07,-0.67078E+07,-0.11347E+08,-0.62871E+07,-0.18875E+07,-0.49083E+07,-0.71894E+07,-0.17158E+07
1703.400000000,-0.14013E+06,-0.12181E+07,-0.18158E+06,-0.16174E+07,-0.68045E+07,-0.83840E+06,-0.44238E+07,-0.34331E+07,-0.24795E+08,-50305.,-0.10710E+08,-0.72956E+07,-0.12040E+08,-0.70399E+07,-0.19472E+07,-0.55061E+07,-0.80192E+07,-0.18332E+07
1734.400000000,-0.14148E+06,-0.12440E+07,-0.19014E+06,-0.16816E+07,-0.70638E+07,-0.85413E+06,-0.46130E+07,-0.36164E+07,-0.25094E+08,-49465.,-0.11018E+08,-0.71709E+07,-0.12511E+08,-0.77463E+07,-0.19933E+07,-0.57321E+07,-0.82992E+07,-0.19086E+07
1764.400000000,-0.14145E+06,-0.12399E+07,-0.19172E+06,-0.16712E+07,-0.71075E+07,-0.85860E+06,-0.44272E+07,-0.35087E+07,-0.23513E+08,-41101.,-0.10314E+08,-0.60390E+07,-0.12500E+08,-0.78356E+07,-0.19721E+07,-0.51474E+07,-0.78949E+07,-0.19183E+07
1795.400000000,-0.13938E+06,-0.11816E+07,-0.18466E+06,-0.16077E+07,-0.67551E+07,-0.84351E+06,-0.37897E+07,-0.31804E+07,-0.19242E+08,-28324.,-0.80451E+07,-0.41831E+07,-0.11868E+08,-0.71045E+07,-0.18884E+07,-0.34309E+07,-0.66518E+07,-0.18339E+07
1825.400000000,-0.13642E+06,-0.11397E+07,-0.17603E+06,-0.15315E+07,-0.63419E+07,-0.82364E+06,-0.34456E+07,-0.29242E+07,-0.17231E+08,-32492.,-0.70904E+07,-0.29439E+07,-0.11001E+08,-0.61512E+07,-0.18130E+07,-0.20576E+07,-0.52083E+07,-0.17077E+07
1856.400000000,-0.13358E+06,-0.11060E+07,-0.16786E+06,-0.14587E+07,-0.59892E+07,-0.80499E+06,-0.32022E+07,-0.27160E+07,-0.16195E+08,-38608.,-0.64585E+07,-0.24229E+07,-0.10206E+08,-0.53563E+07,-0.17438E+07,-0.14825E+07,-0.43518E+07,-0.15911E+07
1887.400000000,-0.13086E+06,-0.10747E+07,-0.16033E+06,-0.13968E+07,-0.56901E+07,-0.78773E+06,-0.30099E+07,-0.25411E+07,-0.15526E+08,-43374.,-0.60028E+07,-0.21668E+07,-0.95718E+07,-0.47086E+07,-0.16796E+07,-0.12351E+07,-0.38238E+07,-0.14904E+07
1915.400000000,-0.12846E+06,-0.10479E+07,-0.15397E+06,-0.13463E+07,-0.54532E+07,-0.77305E+06,-0.28777E+07,-0.24131E+07,-0.15073E+08,-46352.,-0.56797E+07,-0.20316E+07,-0.90241E+07,-0.42371E+07,-0.16247E+07,-0.11093E+07,-0.34958E+07,-0.14092E+07
1946.400000000,-0.12585E+06,-0.10195E+07,-0.14749E+06,-0.12932E+07,-0.52286E+07,-0.75777E+06,-0.27575E+07,-0.23036E+07,-0.14769E+08,-49167.,-0.54980E+07,-0.19374E+07,-0.86400E+07,-0.38353E+07,-0.15673E+07,-0.10446E+07,-0.32551E+07,-0.13262E+07
1976.400000000,-0.12731E+06,-0.10452E+07,-0.15223E+06,-0.13154E+07,-0.54117E+07,-0.76849E+06,-0.29869E+07,-0.25161E+07,-0.17915E+08,-52980.,-0.64870E+07,-0.33407E+07,-0.90339E+07,-0.44000E+07,-0.15555E+07,-0.20263E+07,-0.45592E+07,-0.13563E+07
2007.400000000,-0.13200E+06,-0.11418E+07,-0.16287E+06,-0.13878E+07,-0.59168E+07,-0.80961E+06,-0.35822E+07,-0.29215E+07,-0.21664E+08,-50842.,-0.81131E+07,-0.55262E+07,-0.98526E+07,-0.55977E+07,-0.15691E+07,-0.37205E+07,-0.60328E+07,-0.14599E+07
2037.400000000,-0.13446E+06,-0.12106E+07,-0.17140E+06,-0.14516E+07,-0.63294E+07,-0.82639E+06,-0.40512E+07,-0.31686E+07,-0.23453E+08,-39308.,-0.93265E+07,-0.63414E+07,-0.10634E+08,-0.65797E+07,-0.16004E+07,-0.50060E+07,-0.72825E+07,-0.15762E+07
2068.400000000,-0.13490E+06,-0.12135E+07,-0.17503E+06,-0.14989E+07,-0.65551E+07,-0.83806E+06,-0.40986E+07,-0.31715E+07,-0.23416E+08,-24644.,-0.96379E+07,-0.60055E+07,-0.11292E+08,-0.69972E+07,-0.16412E+07,-0.53105E+07,-0.77316E+07,-0.16807E+07
2099.400000000,-0.13523E+06,-0.11940E+07,-0.17801E+06,-0.15261E+07,-0.66093E+07,-0.84468E+06,-0.40022E+07,-0.31243E+07,-0.21304E+08,-14846.,-0.90524E+07,-0.53928E+07,-0.11720E+08,-0.72801E+07,-0.16501E+07,-0.53333E+07,-0.76346E+07,-0.17617E+07
2129.400000000,-0.13438E+06,-0.11498E+07,-0.17952E+06,-0.15123E+07,-0.66012E+07,-0.83591E+06,-0.35455E+07,-0.30148E+07,-0.19038E+08,-11635.,-0.81914E+07,-0.42638E+07,-0.11677E+08,-0.74685E+07,-0.16374E+07,-0.50066E+07,-0.71720E+07,-0.17958E+07
2160.400000000,-0.13223E+06,-0.10945E+07,-0.17619E+06,-0.14640E+07,-0.65065E+07,-0.81620E+06,-0.30661E+07,-0.28484E+07,-0.17066E+08,-6481.5,-0.69477E+07,-0.32577E+07,-0.11257E+08,-0.69025E+07,-0.15686E+07,-0.35441E+07,-0.63505E+07,-0.17788E+07
2190.400000000,-0.12906E+06,-0.10540E+07,-0.16838E+06,-0.14045E+07,-0.61124E+07,-0.79482E+06,-0.28211E+07,-0.26289E+07,-0.15645E+08,-10122.,-0.62373E+07,-0.24283E+07,-0.10601E+08,-0.59646E+07,-0.15037E+07,-0.20676E+07,-0.49910E+07,-0.16632E+07
2221.400000000,-0.12615E+06,-0.10195E+07,-0.16095E+06,-0.13471E+07,-0.57767E+07,-0.77544E+06,-0.26739E+07,-0.24593E+07,-0.14949E+08,-14684.,-0.57517E+07,-0.20674E+07,-0.98253E+07,-0.51826E+07,-0.14444E+07,-0.14668E+07,-0.41877E+07,-0.15561E+07
2252.400000000,-0.12342E+06,-0.98936E+06,-0.15402E+06,-0.12928E+07,-0.54923E+07,-0.75783E+06,-0.25536E+07,-0.23336E+07,-0.14492E+08,-18245.,-0.53846E+07,-0.19015E+07,-0.91563E+07,-0.45563E+07,-0.13898E+07,-0.12145E+07,-0.36908E+07,-0.14579E+07
2281.400000000,-0.12094E+06,-0.96362E+06,-0.14793E+06,-0.12442E+07,-0.52593E+07,-0.74255E+06,-0.24569E+07,-0.22286E+07,-0.14155E+08,-20631.,-0.51469E+07,-0.18116E+07,-0.87306E+07,-0.40867E+07,-0.13418E+07,-0.10854E+07,-0.33785E+07,-0.13725E+07
2312.400000000,-0.11811E+06,-0.93757E+06,-0.14195E+06,-0.11951E+07,-0.50445E+07,-0.72733E+06,-0.23678E+07,-0.21308E+07,-0.13884E+08,-22146.,-0.49735E+07,-0.17493E+07,-0.82006E+07,-0.37148E+07,-0.12938E+07,-0.10332E+07,-0.31674E+07,-0.12893E+07
2342.400000000,-0.11775E+06,-0.94987E+06,-0.14603E+06,-0.12076E+07,-0.52206E+07,-0.72332E+06,-0.26668E+07,-0.22657E+07,-0.17035E+08,-15407.,-0.58572E+07,-0.24649E+07,-0.86914E+07,-0.41682E+07,-0.12756E+07,-0.20024E+07,-0.45381E+07,-0.13232E+07
2373.400000000,-0.11905E+06,-0.96006E+06,-0.15045E+06,-0.12480E+07,-0.54629E+07,-0.73998E+06,-0.29779E+07,-0.23934E+07,-0.18821E+08,0.0000,-0.68041E+07,-0.38590E+07,-0.94544E+07,-0.49695E+07,-0.12883E+07,-0.34328E+07,-0.61382E+07,-0.14075E+07
2403.400000000,-0.12116E+06,-0.98268E+06,-0.15486E+06,-0.12808E+07,-0.55241E+07,-0.76161E+06,-0.32383E+07,-0.24814E+07,-0.19086E+08,0.0000,-0.73288E+07,-0.46297E+07,-0.10135E+08,-0.54459E+07,-0.13020E+07,-0.40766E+07,-0.66818E+07,-0.14709E+07
2434.400000000,-0.12115E+06,-0.97546E+06,-0.15695E+06,-0.13025E+07,-0.54766E+07,-0.76271E+06,-0.32395E+07,-0.24776E+07,-0.18173E+08,0.0000,-0.73326E+07,-0.40256E+07,-0.10468E+08,-0.57210E+07,-0.13039E+07,-0.41278E+07,-0.66501E+07,-0.14975E+07
2465.400000000,-0.11909E+06,-0.91789E+06,-0.15891E+06,-0.12954E+07,-0.53654E+07,-0.75722E+06,-0.26231E+07,-0.23771E+07,-0.16037E+08,0.0000,-0.60267E+07,-0.33296E+07,-0.10087E+08,-0.60865E+07,-0.12200E+07,-0.40363E+07,-0.56512E+07,-0.14887E+07
2495.400000000,-0.11682E+06,-0.86295E+06,-0.15859E+06,-0.12695E+07,-0.52810E+07,-0.75364E+06,-0.21807E+07,-0.23284E+07,-0.14271E+08,0.0000,-0.51413E+07,-0.32844E+07,-0.98151E+07,-0.61042E+07,-0.11591E+07,-0.36047E+07,-0.52957E+07,-0.14624E+07
2526.400000000,-0.11480E+06,-0.83144E+06,-0.15607E+06,-0.12299E+07,-0.52447E+07,-0.74734E+06,-0.20100E+07,-0.22635E+07,-0.13761E+08,0.0000,-0.47967E+07,-0.30499E+07,-0.95290E+07,-0.56726E+07,-0.11149E+07,-0.27176E+07,-0.50649E+07,-0.14369E+07
2556.400000000,-0.11174E+06,-0.80305E+06,-0.14924E+06,-0.11766E+07,-0.49792E+07,-0.72759E+06,-0.19083E+07,-0.21394E+07,-0.12998E+08,0.0000,-0.45271E+07,-0.21279E+07,-0.89957E+07,-0.49093E+07,-0.10734E+07,-0.16780E+07,-0.41252E+07,-0.13434E+07
2587.400000000,-0.10888E+06,-0.77812E+06,-0.14271E+06,-0.11252E+07,-0.47551E+07,-0.70939E+06,-0.18335E+07,-0.20498E+07,-0.12641E+08,0.0000,-0.43533E+07,-0.17443E+07,-0.85869E+07,-0.42915E+07,-0.10364E+07,-0.12765E+07,-0.35669E+07,-0.12577E+07
2618.400000000,-0.10618E+06,-0.75548E+06,-0.13661E+06,-0.10765E+07,-0.45623E+07,-0.69282E+06,-0.17713E+07,-0.19797E+07,-0.12422E+08,0.0000,-0.42244E+07,-0.15667E+07,-0.82170E+07,-0.38286E+07,-0.10041E+07,-0.10946E+07,-0.32304E+07,-0.11820E+07
2646.400000000,-0.10382E+06,-0.73622E+06,-0.13142E+06,-0.10344E+07,-0.44082E+07,-0.67891E+06,-0.17211E+07,-0.19222E+07,-0.12258E+08,0.0000,-0.41267E+07,-0.14843E+07,-0.78501E+07,-0.34999E+07,-0.97699E+06,-0.10160E+07,-0.30213E+07,-0.11188E+07
2677.400000000,-0.10138E+06,-0.71653E+06,-0.12615E+06,-0.99025E+06,-0.42603E+07,-0.66491E+06,-0.16748E+07,-0.18678E+07,-0.12140E+08,0.0000,-0.40496E+07,-0.14391E+07,-0.76690E+07,-0.32059E+07,-0.94952E+06,-0.96618E+06,-0.28653E+07,-0.10552E+07
2707.400000000,-0.10536E+06,-0.73682E+06,-0.12714E+06,-0.98328E+06,-0.43282E+07,-0.68175E+06,-0.18598E+07,-0.19679E+07,-0.14625E+08,0.0000,-0.46340E+07,-0.22196E+07,-0.78389E+07,-0.31410E+07,-0.96850E+06,-0.11103E+07,-0.34831E+07,-0.10547E+07
2738.400000000,-0.10769E+06,-0.76963E+06,-0.13458E+06,-0.10262E+07,-0.47301E+07,-0.69460E+06,-0.22671E+07,-0.21857E+07,-0.19166E+08,0.0000,-0.62749E+07,-0.35363E+07,-0.86922E+07,-0.37035E+07,-0.10273E+07,-0.21308E+07,-0.54468E+07,-0.11585E+07
2768.400000000,-0.11304E+06,-0.84941E+06,-0.14701E+06,-0.11394E+07,-0.53005E+07,-0.70959E+06,-0.27227E+07,-0.25877E+07,-0.21413E+08,-679.80,-0.72967E+07,-0.54322E+07,-0.96484E+07,-0.50014E+07,-0.11526E+07,-0.37280E+07,-0.66417E+07,-0.13355E+07
2799.400000000,-0.11499E+06,-0.90874E+06,-0.15671E+06,-0.12249E+07,-0.57850E+07,-0.72327E+06,-0.31911E+07,-0.28797E+07,-0.23286E+08,-3624.5,-0.84188E+07,-0.58826E+07,-0.10427E+08,-0.58533E+07,-0.12818E+07,-0.47304E+07,-0.75237E+07,-0.14914E+07
2830.400000000,-0.11683E+06,-0.94472E+06,-0.16394E+06,-0.12830E+07,-0.61716E+07,-0.73518E+06,-0.35086E+07,-0.30189E+07,-0.24059E+08,-2260.2,-0.90199E+07,-0.58490E+07,-0.11120E+08,-0.64090E+07,-0.13733E+07,-0.51148E+07,-0.81700E+07,-0.16222E+07
2860.400000000,-0.11754E+06,-0.94581E+06,-0.16626E+06,-0.12932E+07,-0.63078E+07,-0.73926E+06,-0.35822E+07,-0.29649E+07,-0.23592E+08,0.0000,-0.89982E+07,-0.52026E+07,-0.11454E+08,-0.64979E+07,-0.13877E+07,-0.47789E+07,-0.81523E+07,-0.16878E+07
2891.400000000,-0.11462E+06,-0.88648E+06,-0.16018E+06,-0.12492E+07,-0.60938E+07,-0.71796E+06,-0.30172E+07,-0.26945E+07,-0.19234E+08,0.0000,-0.71320E+07,-0.32387E+07,-0.10985E+08,-0.58338E+07,-0.13393E+07,-0.30636E+07,-0.70724E+07,-0.16440E+07
2921.400000000,-0.11113E+06,-0.84849E+06,-0.15248E+06,-0.11919E+07,-0.56897E+07,-0.69778E+06,-0.26463E+07,-0.24612E+07,-0.16527E+08,0.0000,-0.60355E+07,-0.23080E+07,-0.10108E+08,-0.50387E+07,-0.12835E+07,-0.17956E+07,-0.53634E+07,-0.15337E+07
2952.400000000,-0.10773E+06,-0.81963E+06,-0.14544E+06,-0.11378E+07,-0.53466E+07,-0.68011E+06,-0.24068E+07,-0.22938E+07,-0.15176E+08,0.0000,-0.53689E+07,-0.18900E+07,-0.94043E+07,-0.43889E+07,-0.12322E+07,-0.13313E+07,-0.43752E+07,-0.14353E+07
2983.400000000,-0.10492E+06,-0.79427E+06,-0.13901E+06,-0.10874E+07,-0.50613E+07,-0.66446E+06,-0.22283E+07,-0.21536E+07,-0.14374E+08,0.0000,-0.51669E+07,-0.16960E+07,-0.88388E+07,-0.38910E+07,-0.11868E+07,-0.11227E+07,-0.37805E+07,-0.13454E+07
3011.400000000,-0.10251E+06,-0.77331E+06,-0.13360E+06,-0.10442E+07,-0.48435E+07,-0.65154E+06,-0.21130E+07,-0.20594E+07,-0.13862E+08,-2249.7,-0.48859E+07,-0.15989E+07,-0.83853E+07,-0.35525E+07,-0.11491E+07,-0.10384E+07,-0.34213E+07,-0.12700E+07
3042.400000000,-99987.,-0.75218E+06,-0.12821E+06,-0.10002E+07,-0.46409E+07,-0.63865E+06,-0.20120E+07,-0.19861E+07,-0.13511E+08,-7432.4,-0.47287E+07,-0.15441E+07,-0.78471E+07,-0.32510E+07,-0.11113E+07,-0.99415E+06,-0.31793E+07,-0.11944E+07
3072.400000000,-0.10165E+06,-0.79190E+06,-0.13490E+06,-0.10605E+07,-0.49032E+07,-0.65331E+06,-0.23536E+07,-0.22142E+07,-0.17245E+08,-15011.,-0.57926E+07,-0.30761E+07,-0.83715E+07,-0.38158E+07,-0.11641E+07,-0.19326E+07,-0.46803E+07,-0.12619E+07
3103.400000000,-0.10584E+06,-0.86433E+06,-0.14725E+06,-0.11675E+07,-0.54326E+07,-0.68354E+06,-0.28960E+07,-0.26186E+07,-0.20861E+08,-12527.,-0.73996E+07,-0.50814E+07,-0.94064E+07,-0.50402E+07,-0.12143E+07,-0.35999E+07,-0.62954E+07,-0.13868E+07
3133.400000000,-0.10761E+06,-0.90224E+06,-0.15425E+06,-0.12284E+07,-0.57662E+07,-0.69692E+06,-0.33057E+07,-0.27868E+07,-0.22267E+08,-6350.2,-0.84359E+07,-0.54521E+07,-0.10230E+08,-0.57945E+07,-0.12932E+07,-0.46349E+07,-0.75612E+07,-0.15109E+07
3164.400000000,-0.10848E+06,-0.91918E+06,-0.16013E+06,-0.12848E+07,-0.60059E+07,-0.70618E+06,-0.35132E+07,-0.28631E+07,-0.21788E+08,0.0000,-0.85942E+07,-0.54567E+07,-0.11092E+08,-0.62865E+07,-0.13656E+07,-0.50784E+07,-0.83741E+07,-0.16363E+07
3195.400000000,-0.10914E+06,-0.91971E+06,-0.16634E+06,-0.13270E+07,-0.61248E+07,-0.71205E+06,-0.35492E+07,-0.29142E+07,-0.20735E+08,0.0000,-0.85575E+07,-0.51847E+07,-0.11773E+08,-0.67643E+07,-0.13861E+07,-0.53697E+07,-0.89310E+07,-0.17247E+07
3225.400000000,-0.10787E+06,-0.87040E+06,-0.16952E+06,-0.13383E+07,-0.60827E+07,-0.71195E+06,-0.29639E+07,-0.28562E+07,-0.18563E+08,0.0000,-0.72802E+07,-0.45005E+07,-0.11894E+08,-0.70907E+07,-0.13237E+07,-0.51964E+07,-0.83351E+07,-0.17260E+07
3256.400000000,-0.10588E+06,-0.82696E+06,-0.16495E+06,-0.12905E+07,-0.59623E+07,-0.70358E+06,-0.24505E+07,-0.25470E+07,-0.16051E+08,0.0000,-0.59114E+07,-0.32121E+07,-0.11324E+08,-0.65943E+07,-0.12656E+07,-0.34658E+07,-0.69156E+07,-0.16884E+07
3286.400000000,-0.10261E+06,-0.79436E+06,-0.15790E+06,-0.12327E+07,-0.55949E+07,-0.68388E+06,-0.22031E+07,-0.23837E+07,-0.14531E+08,0.0000,-0.52805E+07,-0.22423E+07,-0.10616E+08,-0.56465E+07,-0.12121E+07,-0.19764E+07,-0.53391E+07,-0.15765E+07
3317.400000000,-99643.,-0.76742E+06,-0.15090E+06,-0.11779E+07,-0.52869E+07,-0.66625E+06,-0.20566E+07,-0.22476E+07,-0.13816E+08,0.0000,-0.48691E+07,-0.18397E+07,-0.98813E+07,-0.48602E+07,-0.11636E+07,-0.14160E+07,-0.44138E+07,-0.14741E+07
3348.400000000,-96891.,-0.74356E+06,-0.14426E+06,-0.11265E+07,-0.50226E+07,-0.65045E+06,-0.19446E+07,-0.21248E+07,-0.13346E+08,0.0000,-0.46273E+07,-0.16336E+07,-0.93414E+07,-0.42563E+07,-0.11214E+07,-0.11656E+07,-0.38515E+07,-0.13806E+07
3376.400000000,-94536.,-0.72361E+06,-0.13864E+06,-0.10824E+07,-0.48128E+07,-0.63734E+06,-0.18613E+07,-0.20396E+07,-0.13019E+08,0.0000,-0.44837E+07,-0.15407E+07,-0.87525E+07,-0.38398E+07,-0.10878E+07,-0.10591E+07,-0.35075E+07,-0.13021E+07
3407.400000000,-92054.,-0.70313E+06,-0.13288E+06,-0.10364E+07,-0.46182E+07,-0.62408E+06,-0.17849E+07,-0.19699E+07,-0.12760E+08,0.0000,-0.43714E+07,-0.14793E+07,-0.84520E+07,-0.34784E+07,-0.10533E+07,-0.99779E+06,-0.32557E+07,-0.12230E+07
3437.400000000,-92870.,-0.70985E+06,-0.13376E+06,-0.10358E+07,-0.47522E+07,-0.62521E+06,-0.19455E+07,-0.20415E+07,-0.15406E+08,0.0000,-0.50355E+07,-0.20716E+07,-0.84786E+07,-0.34411E+07,-0.10463E+07,-0.12452E+07,-0.38460E+07,-0.12398E+07
3468.400000000,-0.10037E+06,-0.78053E+06,-0.14515E+06,-0.11109E+07,-0.52839E+07,-0.64434E+06,-0.23987E+07,-0.24005E+07,-0.19279E+08,-868.28,-0.64630E+07,-0.43707E+07,-0.92221E+07,-0.43900E+07,-0.10922E+07,-0.27050E+07,-0.54059E+07,-0.13579E+07
3498.400000000,-0.10416E+06,-0.86030E+06,-0.15741E+06,-0.12149E+07,-0.58799E+07,-0.68057E+06,-0.29320E+07,-0.27678E+07,-0.22299E+08,-10153.,-0.79675E+07,-0.56708E+07,-0.10203E+08,-0.56720E+07,-0.12391E+07,-0.45472E+07,-0.68582E+07,-0.15335E+07
3529.400000000,-0.10687E+06,-0.92101E+06,-0.16610E+06,-0.12891E+07,-0.63278E+07,-0.70046E+06,-0.33751E+07,-0.29857E+07,-0.23772E+08,-13329.,-0.91082E+07,-0.60490E+07,-0.11063E+08,-0.64358E+07,-0.13807E+07,-0.52657E+07,-0.79982E+07,-0.16845E+07
3560.400000000,-0.10853E+06,-0.95296E+06,-0.17431E+06,-0.13633E+07,-0.66518E+07,-0.71238E+06,-0.36378E+07,-0.31628E+07,-0.24458E+08,-11405.,-0.96141E+07,-0.59576E+07,-0.11695E+08,-0.71359E+07,-0.14690E+07,-0.57191E+07,-0.85220E+07,-0.18068E+07
3590.400000000,-0.10941E+06,-0.97340E+06,-0.17954E+06,-0.14182E+07,-0.67840E+07,-0.71451E+06,-0.36654E+07,-0.32682E+07,-0.23676E+08,-8973.0,-0.93475E+07,-0.54325E+07,-0.12024E+08,-0.74880E+07,-0.14710E+07,-0.55145E+07,-0.86005E+07,-0.18625E+07
3621.400000000,-0.10724E+06,-0.91539E+06,-0.17482E+06,-0.13817E+07,-0.65292E+07,-0.69685E+06,-0.31359E+07,-0.29833E+07,-0.19661E+08,-4071.0,-0.75278E+07,-0.35530E+07,-0.11745E+08,-0.68575E+07,-0.14191E+07,-0.38741E+07,-0.75981E+07,-0.18273E+07
3651.400000000,-0.10401E+06,-0.87460E+06,-0.16632E+06,-0.13196E+07,-0.60798E+07,-0.67758E+06,-0.27524E+07,-0.26887E+07,-0.16939E+08,-7033.0,-0.63914E+07,-0.24460E+07,-0.10881E+08,-0.58845E+07,-0.13589E+07,-0.21774E+07,-0.57413E+07,-0.17045E+07
3682.400000000,-0.10125E+06,-0.84502E+06,-0.15855E+06,-0.12605E+07,-0.56977E+07,-0.66067E+06,-0.25022E+07,-0.24751E+07,-0.15607E+08,-11921.,-0.56977E+07,-0.20122E+07,-0.10257E+08,-0.50722E+07,-0.13038E+07,-0.14896E+07,-0.46786E+07,-0.15942E+07
3713.400000000,-98723.,-0.81896E+06,-0.15139E+06,-0.12052E+07,-0.53770E+07,-0.64569E+06,-0.23107E+07,-0.23225E+07,-0.14823E+08,-19499.,-0.54357E+07,-0.18087E+07,-0.96200E+07,-0.44234E+07,-0.12529E+07,-0.12094E+07,-0.40410E+07,-0.14938E+07
3742.400000000,-96621.,-0.79682E+06,-0.14548E+06,-0.11564E+07,-0.51205E+07,-0.63319E+06,-0.21804E+07,-0.22109E+07,-0.14362E+08,-25290.,-0.50807E+07,-0.17370E+07,-0.90731E+07,-0.39627E+07,-0.12084E+07,-0.10865E+07,-0.36507E+07,-0.14069E+07
3773.400000000,-94587.,-0.77519E+06,-0.13987E+06,-0.11112E+07,-0.48903E+07,-0.62126E+06,-0.20705E+07,-0.21226E+07,-0.14049E+08,-28784.,-0.48774E+07,-0.17043E+07,-0.86612E+07,-0.36004E+07,-0.11650E+07,-0.10308E+07,-0.33707E+07,-0.13217E+07
3803.400000000,-98085.,-0.78746E+06,-0.14096E+06,-0.11184E+07,-0.50309E+07,-0.62503E+06,-0.22292E+07,-0.22321E+07,-0.16682E+08,-28393.,-0.55707E+07,-0.25525E+07,-0.88650E+07,-0.35940E+07,-0.12030E+07,-0.13461E+07,-0.43610E+07,-0.13470E+07
3834.400000000,-0.10321E+06,-0.87437E+06,-0.15324E+06,-0.12012E+07,-0.55316E+07,-0.65661E+06,-0.27743E+07,-0.25819E+07,-0.20878E+08,-28608.,-0.72640E+07,-0.46704E+07,-0.98847E+07,-0.48234E+07,-0.12955E+07,-0.30963E+07,-0.61482E+07,-0.14780E+07
3864.400000000,-0.10558E+06,-0.91809E+06,-0.16281E+06,-0.13176E+07,-0.59538E+07,-0.67289E+06,-0.32205E+07,-0.29741E+07,-0.23149E+08,-31398.,-0.86457E+07,-0.54858E+07,-0.10797E+08,-0.58275E+07,-0.14430E+07,-0.45567E+07,-0.74300E+07,-0.16324E+07
3895.400000000,-0.10770E+06,-0.96533E+06,-0.16994E+06,-0.13696E+07,-0.64365E+07,-0.68704E+06,-0.36276E+07,-0.30844E+07,-0.24463E+08,-28918.,-0.94898E+07,-0.58604E+07,-0.11525E+08,-0.65449E+07,-0.15807E+07,-0.53662E+07,-0.81568E+07,-0.17895E+07
3926.400000000,-0.10907E+06,-0.10032E+07,-0.17829E+06,-0.14453E+07,-0.67957E+07,-0.69609E+06,-0.37977E+07,-0.32776E+07,-0.24461E+08,-28665.,-0.96559E+07,-0.59197E+07,-0.12123E+08,-0.73645E+07,-0.16820E+07,-0.59625E+07,-0.85889E+07,-0.19169E+07
3956.400000000,-0.11016E+06,-0.10275E+07,-0.18338E+06,-0.15029E+07,-0.69341E+07,-0.70561E+06,-0.37619E+07,-0.33982E+07,-0.23114E+08,-31373.,-0.92736E+07,-0.57882E+07,-0.12343E+08,-0.77881E+07,-0.16886E+07,-0.57012E+07,-0.83356E+07,-0.19658E+07
3987.400000000,-0.10965E+06,-0.99829E+06,-0.18151E+06,-0.14753E+07,-0.68814E+07,-0.70006E+06,-0.34130E+07,-0.32333E+07,-0.21284E+08,-30216.,-0.83222E+07,-0.48804E+07,-0.12010E+08,-0.73566E+07,-0.16505E+07,-0.42853E+07,-0.72935E+07,-0.19395E+07
4017.400000000,-0.10660E+06,-0.95187E+06,-0.17215E+06,-0.14103E+07,-0.64134E+07,-0.68180E+06,-0.30217E+07,-0.28860E+07,-0.18144E+08,-32334.,-0.69486E+07,-0.30117E+07,-0.11162E+08,-0.63058E+07,-0.15847E+07,-0.24147E+07,-0.56003E+07,-0.18162E+07
4048.400000000,-0.10381E+06,-0.91699E+06,-0.16397E+06,-0.13481E+07,-0.60107E+07,-0.66530E+06,-0.27482E+07,-0.26241E+07,-0.16531E+08,-34639.,-0.61453E+07,-0.23165E+07,-0.10766E+08,-0.54276E+07,-0.15228E+07,-0.15925E+07,-0.46258E+07,-0.16990E+07
4079.400000000,-0.10136E+06,-0.88857E+06,-0.15706E+06,-0.12899E+07,-0.56696E+07,-0.65089E+06,-0.25406E+07,-0.24527E+07,-0.15661E+08,-36127.,-0.56482E+07,-0.20778E+07,-0.10175E+08,-0.47138E+07,-0.14648E+07,-0.12750E+07,-0.40447E+07,-0.15911E+07
4107.400000000,-99305.,-0.86474E+06,-0.15118E+06,-0.12401E+07,-0.54040E+07,-0.63914E+06,-0.23900E+07,-0.23395E+07,-0.15128E+08,-36865.,-0.53580E+07,-0.19684E+07,-0.94648E+07,-0.42073E+07,-0.14150E+07,-0.11308E+07,-0.36885E+07,-0.15017E+07
4138.400000000,-97203.,-0.84061E+06,-0.14541E+06,-0.11933E+07,-0.51561E+07,-0.62753E+06,-0.22739E+07,-0.22445E+07,-0.14737E+08,-38572.,-0.52284E+07,-0.18959E+07,-0.88890E+07,-0.38064E+07,-0.13646E+07,-0.10695E+07,-0.34478E+07,-0.14144E+07
4168.400000000,-0.10028E+06,-0.87673E+06,-0.15214E+06,-0.12706E+07,-0.53404E+07,-0.63934E+06,-0.25122E+07,-0.25835E+07,-0.17391E+08,-40586.,-0.62114E+07,-0.36159E+07,-0.93796E+07,-0.43863E+07,-0.14627E+07,-0.20263E+07,-0.48596E+07,-0.14665E+07
4199.400000000,-0.10375E+06,-0.96339E+06,-0.16374E+06,-0.13556E+07,-0.58123E+07,-0.66157E+06,-0.30913E+07,-0.29433E+07,-0.21439E+08,-46911.,-0.79041E+07,-0.54185E+07,-0.10232E+08,-0.56225E+07,-0.15609E+07,-0.38676E+07,-0.63796E+07,-0.15939E+07
4229.400000000,-0.10719E+06,-0.10346E+07,-0.17255E+06,-0.14192E+07,-0.63348E+07,-0.68064E+06,-0.35812E+07,-0.31567E+07,-0.23818E+08,-51826.,-0.92566E+07,-0.62290E+07,-0.11125E+08,-0.64294E+07,-0.17187E+07,-0.49258E+07,-0.76411E+07,-0.17574E+07
4260.400000000,-0.11017E+06,-0.11095E+07,-0.17967E+06,-0.14782E+07,-0.68126E+07,-0.70408E+06,-0.40501E+07,-0.33210E+07,-0.25286E+08,-59334.,-0.10230E+08,-0.66815E+07,-0.12058E+08,-0.70752E+07,-0.18601E+07,-0.56380E+07,-0.87979E+07,-0.19067E+07
4291.400000000,-0.11230E+06,-0.11504E+07,-0.18470E+06,-0.15320E+07,-0.70861E+07,-0.71621E+06,-0.42541E+07,-0.34270E+07,-0.25579E+08,-58490.,-0.10538E+08,-0.64551E+07,-0.12763E+08,-0.74611E+07,-0.19142E+07,-0.57719E+07,-0.92271E+07,-0.19990E+07
4321.400000000,-0.11393E+06,-0.11763E+07,-0.18795E+06,-0.15588E+07,-0.72090E+07,-0.72518E+06,-0.42151E+07,-0.34715E+07,-0.24232E+08,-54060.,-0.10118E+08,-0.60627E+07,-0.12904E+08,-0.76035E+07,-0.18977E+07,-0.53013E+07,-0.88858E+07,-0.20286E+07
4352.400000000,-0.11311E+06,-0.11384E+07,-0.18218E+06,-0.15080E+07,-0.70654E+07,-0.71870E+06,-0.38348E+07,-0.31724E+07,-0.21771E+08,-49926.,-0.88860E+07,-0.45153E+07,-0.12387E+08,-0.68307E+07,-0.18291E+07,-0.35010E+07,-0.77211E+07,-0.19827E+07
4382.400000000,-0.11006E+06,-0.10880E+07,-0.17315E+06,-0.14425E+07,-0.65752E+07,-0.70062E+06,-0.34075E+07,-0.28725E+07,-0.18591E+08,-50802.,-0.74557E+07,-0.29517E+07,-0.11433E+08,-0.58841E+07,-0.17490E+07,-0.20427E+07,-0.58941E+07,-0.18547E+07
4413.400000000,-0.10719E+06,-0.10478E+07,-0.16500E+06,-0.13799E+07,-0.61589E+07,-0.68394E+06,-0.30982E+07,-0.26329E+07,-0.16952E+08,-52468.,-0.66134E+07,-0.23291E+07,-0.10574E+08,-0.50919E+07,-0.16760E+07,-0.14555E+07,-0.48137E+07,-0.17347E+07
4444.400000000,-0.10447E+06,-0.10118E+07,-0.15754E+06,-0.13210E+07,-0.58046E+07,-0.66870E+06,-0.28632E+07,-0.24479E+07,-0.15968E+08,-53402.,-0.60294E+07,-0.20278E+07,-0.10051E+08,-0.44569E+07,-0.16081E+07,-0.11960E+07,-0.41608E+07,-0.16243E+07
4472.400000000,-0.10213E+06,-0.98128E+06,-0.15142E+06,-0.12704E+07,-0.55266E+07,-0.65598E+06,-0.26881E+07,-0.23291E+07,-0.15371E+08,-53468.,-0.56389E+07,-0.18931E+07,-0.94873E+07,-0.40082E+07,-0.15521E+07,-0.10824E+07,-0.37640E+07,-0.15316E+07
4503.400000000,-99709.,-0.95153E+06,-0.14528E+06,-0.12182E+07,-0.52663E+07,-0.64322E+06,-0.25461E+07,-0.22214E+07,-0.14957E+08,-52747.,-0.54173E+07,-0.18192E+07,-0.90234E+07,-0.36462E+07,-0.14946E+07,-0.10313E+07,-0.35009E+07,-0.14375E+07
4533.400000000,-0.10121E+06,-0.97714E+06,-0.14777E+06,-0.12534E+07,-0.53163E+07,-0.65122E+06,-0.27577E+07,-0.23871E+07,-0.17495E+08,-56602.,-0.62347E+07,-0.28097E+07,-0.94269E+07,-0.38571E+07,-0.15107E+07,-0.16928E+07,-0.49656E+07,-0.14233E+07
4564.400000000,-0.10974E+06,-0.10775E+07,-0.16080E+06,-0.13785E+07,-0.57900E+07,-0.69312E+06,-0.32641E+07,-0.30386E+07,-0.20736E+08,-71653.,-0.77295E+07,-0.62324E+07,-0.10543E+08,-0.48707E+07,-0.16313E+07,-0.30592E+07,-0.63546E+07,-0.15560E+07
4594.400000000,-0.11286E+06,-0.11353E+07,-0.16599E+06,-0.14080E+07,-0.62309E+07,-0.72278E+06,-0.36962E+07,-0.30696E+07,-0.23166E+08,-72596.,-0.90418E+07,-0.63833E+07,-0.11261E+08,-0.53051E+07,-0.17170E+07,-0.38126E+07,-0.76215E+07,-0.16826E+07
4625.400000000,-0.11483E+06,-0.11789E+07,-0.17202E+06,-0.14600E+07,-0.66465E+07,-0.73903E+06,-0.40791E+07,-0.32009E+07,-0.25197E+08,-81624.,-0.10058E+08,-0.65334E+07,-0.12087E+08,-0.58440E+07,-0.18819E+07,-0.47992E+07,-0.83191E+07,-0.18425E+07
4656.400000000,-0.11582E+06,-0.12046E+07,-0.17567E+06,-0.15085E+07,-0.67828E+07,-0.74541E+06,-0.42597E+07,-0.32920E+07,-0.25412E+08,-81480.,-0.10295E+08,-0.60261E+07,-0.12687E+08,-0.62320E+07,-0.19853E+07,-0.51630E+07,-0.86315E+07,-0.19451E+07
4686.400000000,-0.11758E+06,-0.12332E+07,-0.18230E+06,-0.15864E+07,-0.68622E+07,-0.76067E+06,-0.42226E+07,-0.35139E+07,-0.24203E+08,-83079.,-0.99073E+07,-0.62563E+07,-0.12976E+08,-0.68135E+07,-0.19877E+07,-0.53276E+07,-0.84649E+07,-0.19908E+07
4717.400000000,-0.11528E+06,-0.11790E+07,-0.17654E+06,-0.15337E+07,-0.65924E+07,-0.74470E+06,-0.37604E+07,-0.31677E+07,-0.20526E+08,-64190.,-0.82508E+07,-0.40870E+07,-0.12322E+08,-0.62307E+07,-0.18892E+07,-0.36227E+07,-0.73298E+07,-0.19316E+07
4747.400000000,-0.11200E+06,-0.11269E+07,-0.16807E+06,-0.14629E+07,-0.61666E+07,-0.72433E+06,-0.33527E+07,-0.28685E+07,-0.17981E+08,-61278.,-0.71063E+07,-0.28232E+07,-0.11435E+08,-0.53837E+07,-0.18049E+07,-0.20967E+07,-0.56638E+07,-0.18040E+07
4778.400000000,-0.10893E+06,-0.10850E+07,-0.16019E+06,-0.13960E+07,-0.58076E+07,-0.70565E+06,-0.30736E+07,-0.26285E+07,-0.16625E+08,-61133.,-0.63656E+07,-0.22501E+07,-0.10671E+08,-0.46754E+07,-0.17292E+07,-0.14706E+07,-0.46858E+07,-0.16862E+07
4809.400000000,-0.10603E+06,-0.10464E+07,-0.15294E+06,-0.13336E+07,-0.55022E+07,-0.68858E+06,-0.28555E+07,-0.24422E+07,-0.15777E+08,-60868.,-0.58448E+07,-0.19834E+07,-0.10040E+08,-0.41195E+07,-0.16592E+07,-0.11972E+07,-0.40877E+07,-0.15785E+07
4837.400000000,-0.10353E+06,-0.10137E+07,-0.14703E+06,-0.12803E+07,-0.52634E+07,-0.67434E+06,-0.26866E+07,-0.23255E+07,-0.15237E+08,-60028.,-0.55391E+07,-0.18736E+07,-0.96961E+07,-0.37442E+07,-0.15994E+07,-0.10819E+07,-0.37247E+07,-0.14883E+07
4868.400000000,-0.10103E+06,-0.98103E+06,-0.14140E+06,-0.12251E+07,-0.50382E+07,-0.66020E+06,-0.25471E+07,-0.22310E+07,-0.14879E+08,-61319.,-0.53937E+07,-0.18420E+07,-0.91233E+07,-0.34192E+07,-0.15396E+07,-0.10293E+07,-0.34618E+07,-0.13972E+07
4898.400000000,-0.10168E+06,-0.99392E+06,-0.14413E+06,-0.12663E+07,-0.51758E+07,-0.66389E+06,-0.27718E+07,-0.24014E+07,-0.17459E+08,-69835.,-0.62742E+07,-0.28227E+07,-0.92761E+07,-0.35985E+07,-0.15768E+07,-0.16169E+07,-0.44853E+07,-0.14084E+07
4929.400000000,-0.10458E+06,-0.10568E+07,-0.15337E+06,-0.13359E+07,-0.56513E+07,-0.68479E+06,-0.32950E+07,-0.27209E+07,-0.21147E+08,-77389.,-0.78932E+07,-0.47718E+07,-0.10198E+08,-0.43980E+07,-0.16303E+07,-0.31726E+07,-0.62322E+07,-0.15351E+07
4959.400000000,-0.10718E+06,-0.11188E+07,-0.16385E+06,-0.14220E+07,-0.61616E+07,-0.70227E+06,-0.37949E+07,-0.30239E+07,-0.23522E+08,-86361.,-0.92672E+07,-0.58382E+07,-0.11115E+08,-0.54116E+07,-0.17769E+07,-0.46032E+07,-0.73404E+07,-0.16964E+07
4990.400000000,-0.10944E+06,-0.11627E+07,-0.16931E+06,-0.14716E+07,-0.65622E+07,-0.71728E+06,-0.42472E+07,-0.30942E+07,-0.25230E+08,-82019.,-0.10260E+08,-0.59481E+07,-0.11888E+08,-0.58642E+07,-0.19261E+07,-0.50206E+07,-0.79756E+07,-0.18550E+07
5021.400000000,-0.11160E+06,-0.12007E+07,-0.17492E+06,-0.15199E+07,-0.67991E+07,-0.72772E+06,-0.44851E+07,-0.32315E+07,-0.25361E+08,-79952.,-0.10540E+08,-0.60850E+07,-0.12572E+08,-0.62130E+07,-0.19794E+07,-0.52683E+07,-0.84556E+07,-0.19605E+07
5051.400000000,-0.11263E+06,-0.12090E+07,-0.17934E+06,-0.15590E+07,-0.68226E+07,-0.72761E+06,-0.44217E+07,-0.33244E+07,-0.23893E+08,-72303.,-0.10056E+08,-0.56988E+07,-0.12719E+08,-0.66485E+07,-0.19587E+07,-0.52562E+07,-0.81125E+07,-0.19902E+07
5082.400000000,-0.11039E+06,-0.11449E+07,-0.17566E+06,-0.15184E+07,-0.65282E+07,-0.71069E+06,-0.37610E+07,-0.29926E+07,-0.19916E+08,-50038.,-0.81020E+07,-0.35154E+07,-0.12392E+08,-0.65489E+07,-0.18735E+07,-0.43223E+07,-0.72959E+07,-0.19353E+07
5112.400000000,-0.10734E+06,-0.10953E+07,-0.16744E+06,-0.14471E+07,-0.61128E+07,-0.69247E+06,-0.33413E+07,-0.27270E+07,-0.17551E+08,-48460.,-0.70112E+07,-0.25286E+07,-0.11430E+08,-0.56259E+07,-0.17893E+07,-0.24231E+07,-0.56390E+07,-0.18059E+07
5143.400000000,-0.10452E+06,-0.10557E+07,-0.15967E+06,-0.13799E+07,-0.57612E+07,-0.67581E+06,-0.30596E+07,-0.25168E+07,-0.16337E+08,-49449.,-0.63083E+07,-0.20997E+07,-0.10639E+08,-0.48585E+07,-0.17129E+07,-0.15845E+07,-0.46654E+07,-0.16872E+07
5174.400000000,-0.10186E+06,-0.10202E+07,-0.15247E+06,-0.13174E+07,-0.54625E+07,-0.66061E+06,-0.28367E+07,-0.23725E+07,-0.15573E+08,-50994.,-0.58051E+07,-0.18922E+07,-0.10029E+08,-0.42544E+07,-0.16426E+07,-0.12542E+07,-0.40680E+07,-0.15790E+07
5203.400000000,-99452.,-0.98892E+06,-0.14619E+06,-0.12623E+07,-0.52216E+07,-0.64738E+06,-0.26761E+07,-0.22542E+07,-0.15046E+08,-50829.,-0.54624E+07,-0.17774E+07,-0.95752E+07,-0.38237E+07,-0.15819E+07,-0.11016E+07,-0.36947E+07,-0.14854E+07
5234.400000000,-97012.,-0.95765E+06,-0.14022E+06,-0.12072E+07,-0.50023E+07,-0.63450E+06,-0.25414E+07,-0.21517E+07,-0.14676E+08,-49675.,-0.52644E+07,-0.17256E+07,-0.91600E+07,-0.34768E+07,-0.15228E+07,-0.10368E+07,-0.34506E+07,-0.13945E+07
5264.400000000,-97634.,-0.96356E+06,-0.14111E+06,-0.12043E+07,-0.51779E+07,-0.64088E+06,-0.27696E+07,-0.21945E+07,-0.17367E+08,-40037.,-0.61442E+07,-0.27221E+07,-0.93545E+07,-0.34906E+07,-0.15206E+07,-0.14235E+07,-0.42337E+07,-0.14092E+07
5295.400000000,-0.10080E+06,-0.10145E+07,-0.15171E+06,-0.12998E+07,-0.56422E+07,-0.65536E+06,-0.32139E+07,-0.25731E+07,-0.20234E+08,-47244.,-0.74956E+07,-0.44714E+07,-0.10111E+08,-0.44427E+07,-0.16507E+07,-0.31151E+07,-0.57807E+07,-0.15386E+07
5325.400000000,-0.10331E+06,-0.10556E+07,-0.16072E+06,-0.13572E+07,-0.61248E+07,-0.67246E+06,-0.36987E+07,-0.27567E+07,-0.22986E+08,-46665.,-0.90417E+07,-0.54546E+07,-0.10956E+08,-0.53469E+07,-0.18073E+07,-0.45569E+07,-0.71641E+07,-0.16880E+07
5356.400000000,-0.10534E+06,-0.10701E+07,-0.16631E+06,-0.14086E+07,-0.63820E+07,-0.68413E+06,-0.39266E+07,-0.28335E+07,-0.22908E+08,-42953.,-0.91943E+07,-0.55932E+07,-0.11692E+08,-0.60236E+07,-0.19518E+07,-0.53432E+07,-0.77452E+07,-0.18348E+07
5387.400000000,-0.10689E+06,-0.10966E+07,-0.17295E+06,-0.14515E+07,-0.65899E+07,-0.69347E+06,-0.41142E+07,-0.29476E+07,-0.23375E+08,-43594.,-0.96189E+07,-0.55561E+07,-0.12295E+08,-0.65583E+07,-0.20411E+07,-0.57029E+07,-0.80874E+07,-0.19393E+07
5417.400000000,-0.10848E+06,-0.11074E+07,-0.17686E+06,-0.14942E+07,-0.66624E+07,-0.69403E+06,-0.40391E+07,-0.31112E+07,-0.22394E+08,-44102.,-0.92139E+07,-0.53346E+07,-0.12361E+08,-0.67630E+07,-0.20276E+07,-0.50124E+07,-0.74332E+07,-0.19479E+07
5448.400000000,-0.11140E+06,-0.11120E+07,-0.17581E+06,-0.14814E+07,-0.66415E+07,-0.69450E+06,-0.38563E+07,-0.30841E+07,-0.21322E+08,-50233.,-0.85303E+07,-0.53741E+07,-0.12134E+08,-0.63728E+07,-0.20090E+07,-0.37593E+07,-0.67954E+07,-0.19210E+07
5478.400000000,-0.10862E+06,-0.10665E+07,-0.16668E+06,-0.14136E+07,-0.62318E+07,-0.67864E+06,-0.34333E+07,-0.27629E+07,-0.18322E+08,-51247.,-0.71605E+07,-0.31980E+07,-0.11140E+08,-0.54869E+07,-0.19236E+07,-0.21455E+07,-0.53126E+07,-0.17972E+07
5509.400000000,-0.10589E+06,-0.10297E+07,-0.15871E+06,-0.13489E+07,-0.58804E+07,-0.66355E+06,-0.31252E+07,-0.25241E+07,-0.16765E+08,-52149.,-0.63671E+07,-0.24112E+07,-0.10310E+08,-0.47449E+07,-0.18435E+07,-0.14864E+07,-0.44362E+07,-0.16840E+07
5540.400000000,-0.10323E+06,-0.99620E+06,-0.15150E+06,-0.12883E+07,-0.55778E+07,-0.64950E+06,-0.28899E+07,-0.23666E+07,-0.15811E+08,-52183.,-0.58225E+07,-0.20439E+07,-0.95883E+07,-0.41687E+07,-0.17705E+07,-0.12033E+07,-0.38927E+07,-0.15800E+07
5568.400000000,-0.10086E+06,-0.96724E+06,-0.14545E+06,-0.12364E+07,-0.53392E+07,-0.63752E+06,-0.27098E+07,-0.22464E+07,-0.15210E+08,-51473.,-0.55070E+07,-0.18675E+07,-0.89821E+07,-0.37725E+07,-0.17076E+07,-0.10844E+07,-0.35541E+07,-0.14922E+07
5599.400000000,-98317.,-0.93685E+06,-0.13939E+06,-0.11832E+07,-0.51116E+07,-0.62513E+06,-0.25659E+07,-0.21353E+07,-0.14737E+08,-49189.,-0.52380E+07,-0.17544E+07,-0.84690E+07,-0.34352E+07,-0.16418E+07,-0.10288E+07,-0.33110E+07,-0.14026E+07
5629.400000000,-99031.,-0.94184E+06,-0.14361E+06,-0.12296E+07,-0.51918E+07,-0.62715E+06,-0.27553E+07,-0.23221E+07,-0.16724E+08,-42106.,-0.59049E+07,-0.25841E+07,-0.87978E+07,-0.37989E+07,-0.16071E+07,-0.18355E+07,-0.44752E+07,-0.13880E+07
5660.400000000,-0.10111E+06,-0.98161E+06,-0.15373E+06,-0.13045E+07,-0.55971E+07,-0.64274E+06,-0.32277E+07,-0.26656E+07,-0.20233E+08,-31560.,-0.73887E+07,-0.41282E+07,-0.96897E+07,-0.46131E+07,-0.16168E+07,-0.33284E+07,-0.61294E+07,-0.14723E+07
5690.400000000,-0.10231E+06,-0.99412E+06,-0.15965E+06,-0.13551E+07,-0.57781E+07,-0.65832E+06,-0.34860E+07,-0.27702E+07,-0.20160E+08,-13405.,-0.77082E+07,-0.46572E+07,-0.10499E+08,-0.53827E+07,-0.16450E+07,-0.45043E+07,-0.70849E+07,-0.15621E+07
5721.400000000,-0.10265E+06,-0.97930E+06,-0.16357E+06,-0.14008E+07,-0.58118E+07,-0.66375E+06,-0.33979E+07,-0.27511E+07,-0.19088E+08,0.0000,-0.73993E+07,-0.44091E+07,-0.11198E+08,-0.59693E+07,-0.16357E+07,-0.51672E+07,-0.75680E+07,-0.16201E+07
5752.400000000,-0.10311E+06,-0.97359E+06,-0.16893E+06,-0.14343E+07,-0.58542E+07,-0.66857E+06,-0.34599E+07,-0.27862E+07,-0.19120E+08,0.0000,-0.76150E+07,-0.45581E+07,-0.11694E+08,-0.64612E+07,-0.16221E+07,-0.54794E+07,-0.78137E+07,-0.16541E+07
5782.400000000,-0.10275E+06,-0.93968E+06,-0.16950E+06,-0.14189E+07,-0.57717E+07,-0.67124E+06,-0.29789E+07,-0.26936E+07,-0.16280E+08,0.0000,-0.64009E+07,-0.40522E+07,-0.11731E+08,-0.66057E+07,-0.15525E+07,-0.49729E+07,-0.73706E+07,-0.16494E+07
5813.400000000,-0.10014E+06,-0.89486E+06,-0.16288E+06,-0.13595E+07,-0.55427E+07,-0.65509E+06,-0.25487E+07,-0.24254E+07,-0.14245E+08,0.0000,-0.53414E+07,-0.25840E+07,-0.11227E+08,-0.58676E+07,-0.14579E+07,-0.30273E+07,-0.64531E+07,-0.15836E+07
5843.400000000,-97135.,-0.85947E+06,-0.15605E+06,-0.12949E+07,-0.52414E+07,-0.63847E+06,-0.23451E+07,-0.22927E+07,-0.13490E+08,0.0000,-0.49300E+07,-0.19592E+07,-0.10467E+08,-0.50318E+07,-0.13913E+07,-0.18038E+07,-0.50647E+07,-0.14749E+07
5874.400000000,-94281.,-0.82835E+06,-0.14922E+06,-0.12342E+07,-0.49886E+07,-0.62309E+06,-0.22054E+07,-0.21769E+07,-0.13150E+08,0.0000,-0.46685E+07,-0.16865E+07,-0.98411E+07,-0.43694E+07,-0.13330E+07,-0.13293E+07,-0.42456E+07,-0.13811E+07
5905.400000000,-91567.,-0.80062E+06,-0.14271E+06,-0.11776E+07,-0.47731E+07,-0.60901E+06,-0.20929E+07,-0.20712E+07,-0.12911E+08,0.0000,-0.44677E+07,-0.15543E+07,-0.91531E+07,-0.38753E+07,-0.12802E+07,-0.11202E+07,-0.37381E+07,-0.12963E+07
5933.400000000,-89173.,-0.77868E+06,-0.13715E+06,-0.11291E+07,-0.46054E+07,-0.59713E+06,-0.20053E+07,-0.20058E+07,-0.12713E+08,0.0000,-0.43209E+07,-0.14857E+07,-0.85664E+07,-0.35241E+07,-0.12364E+07,-0.10347E+07,-0.34236E+07,-0.12256E+07
5964.400000000,-86642.,-0.75623E+06,-0.13149E+06,-0.10790E+07,-0.44464E+07,-0.58502E+06,-0.19228E+07,-0.19446E+07,-0.12557E+08,0.0000,-0.42464E+07,-0.14408E+07,-0.81365E+07,-0.32193E+07,-0.11927E+07,-0.98539E+06,-0.31979E+07,-0.11545E+07
5994.400000000,-87484.,-0.75428E+06,-0.13487E+06,-0.10967E+07,-0.45954E+07,-0.58836E+06,-0.20814E+07,-0.20674E+07,-0.15200E+08,0.0000,-0.50505E+07,-0.21555E+07,-0.83735E+07,-0.35274E+07,-0.12258E+07,-0.16693E+07,-0.40790E+07,-0.11737E+07
6025.400000000,-89905.,-0.78411E+06,-0.14566E+06,-0.11711E+07,-0.50759E+07,-0.60798E+06,-0.24860E+07,-0.23660E+07,-0.18821E+08,0.0000,-0.65577E+07,-0.37042E+07,-0.92019E+07,-0.44175E+07,-0.13264E+07,-0.32066E+07,-0.56964E+07,-0.12869E+07
6055.400000000,-91812.,-0.83606E+06,-0.15553E+06,-0.12387E+07,-0.55933E+07,-0.62509E+06,-0.29658E+07,-0.26167E+07,-0.21261E+08,0.0000,-0.78573E+07,-0.48439E+07,-0.10019E+08,-0.53003E+07,-0.14687E+07,-0.43893E+07,-0.67777E+07,-0.14278E+07
6086.400000000,-93391.,-0.85621E+06,-0.16217E+06,-0.12958E+07,-0.59500E+07,-0.64355E+06,-0.32541E+07,-0.27535E+07,-0.21827E+08,0.0000,-0.84028E+07,-0.53639E+07,-0.10835E+08,-0.59467E+07,-0.15783E+07,-0.51496E+07,-0.75026E+07,-0.15711E+07
6117.400000000,-94676.,-0.87939E+06,-0.17010E+06,-0.13625E+07,-0.62108E+07,-0.65343E+06,-0.34208E+07,-0.29358E+07,-0.22225E+08,0.0000,-0.87751E+07,-0.53790E+07,-0.11503E+08,-0.66118E+07,-0.16259E+07,-0.56210E+07,-0.78919E+07,-0.16720E+07
6147.400000000,-95746.,-0.88382E+06,-0.17497E+06,-0.14093E+07,-0.63321E+07,-0.65938E+06,-0.33626E+07,-0.30572E+07,-0.21389E+08,0.0000,-0.83920E+07,-0.51812E+07,-0.11706E+08,-0.69319E+07,-0.16039E+07,-0.53078E+07,-0.75738E+07,-0.17082E+07
6178.400000000,-93699.,-0.84238E+06,-0.17078E+06,-0.13693E+07,-0.61606E+07,-0.64888E+06,-0.28276E+07,-0.28462E+07,-0.18522E+08,0.0000,-0.68459E+07,-0.38387E+07,-0.11218E+08,-0.64127E+07,-0.15367E+07,-0.37326E+07,-0.64620E+07,-0.16546E+07
6208.400000000,-90998.,-0.80762E+06,-0.16215E+06,-0.13076E+07,-0.57764E+07,-0.63255E+06,-0.25250E+07,-0.25560E+07,-0.16142E+08,0.0000,-0.57807E+07,-0.25580E+07,-0.10331E+08,-0.54976E+07,-0.14737E+07,-0.21169E+07,-0.50825E+07,-0.15483E+07
6239.400000000,-88452.,-0.78218E+06,-0.15444E+06,-0.12483E+07,-0.54455E+07,-0.61745E+06,-0.23142E+07,-0.23680E+07,-0.14895E+08,0.0000,-0.51670E+07,-0.20266E+07,-0.97907E+07,-0.47418E+07,-0.14151E+07,-0.14751E+07,-0.42623E+07,-0.14494E+07
6270.400000000,-86025.,-0.75899E+06,-0.14745E+06,-0.11926E+07,-0.51660E+07,-0.60362E+06,-0.21528E+07,-0.22186E+07,-0.14124E+08,0.0000,-0.48237E+07,-0.17685E+07,-0.92010E+07,-0.41565E+07,-0.13608E+07,-0.11966E+07,-0.37555E+07,-0.13622E+07
6298.400000000,-83873.,-0.73922E+06,-0.14158E+06,-0.11448E+07,-0.49496E+07,-0.59195E+06,-0.20441E+07,-0.21039E+07,-0.13628E+08,0.0000,-0.46335E+07,-0.16365E+07,-0.86456E+07,-0.37615E+07,-0.13145E+07,-0.10775E+07,-0.34403E+07,-0.12893E+07
6329.400000000,-81551.,-0.71852E+06,-0.13557E+06,-0.10947E+07,-0.47417E+07,-0.57987E+06,-0.19432E+07,-0.20155E+07,-0.13224E+08,0.0000,-0.44618E+07,-0.15373E+07,-0.82384E+07,-0.34077E+07,-0.12664E+07,-0.10128E+07,-0.32046E+07,-0.12147E+07
6359.400000000,-82547.,-0.73155E+06,-0.14051E+06,-0.11149E+07,-0.50120E+07,-0.58303E+06,-0.22092E+07,-0.21329E+07,-0.16505E+08,0.0000,-0.53526E+07,-0.23086E+07,-0.86015E+07,-0.38508E+07,-0.12779E+07,-0.18634E+07,-0.41739E+07,-0.12379E+07
6390.400000000,-86534.,-0.79246E+06,-0.15179E+06,-0.11928E+07,-0.55321E+07,-0.61227E+06,-0.26621E+07,-0.25091E+07,-0.19816E+08,-6497.7,-0.66989E+07,-0.44305E+07,-0.95390E+07,-0.47941E+07,-0.14144E+07,-0.31983E+07,-0.54604E+07,-0.13720E+07
6420.400000000,-89197.,-0.84294E+06,-0.16111E+06,-0.12488E+07,-0.60246E+07,-0.63353E+06,-0.31512E+07,-0.27078E+07,-0.22104E+08,-8507.0,-0.80051E+07,-0.50989E+07,-0.10319E+08,-0.55635E+07,-0.15406E+07,-0.41948E+07,-0.64074E+07,-0.15236E+07
6451.400000000,-91683.,-0.87768E+06,-0.16734E+06,-0.13099E+07,-0.62989E+07,-0.64727E+06,-0.35392E+07,-0.28129E+07,-0.23321E+08,-4484.5,-0.87937E+07,-0.53641E+07,-0.11156E+08,-0.62107E+07,-0.16414E+07,-0.51217E+07,-0.72382E+07,-0.16663E+07
6482.400000000,-93886.,-0.91350E+06,-0.17517E+06,-0.13747E+07,-0.65110E+07,-0.66334E+06,-0.37209E+07,-0.30175E+07,-0.23417E+08,-3586.7,-0.90828E+07,-0.56123E+07,-0.11742E+08,-0.68152E+07,-0.16943E+07,-0.55185E+07,-0.75573E+07,-0.17657E+07
6512.400000000,-95918.,-0.92165E+06,-0.17797E+06,-0.14077E+07,-0.65551E+07,-0.67441E+06,-0.36956E+07,-0.30662E+07,-0.22291E+08,-3749.7,-0.86903E+07,-0.50672E+07,-0.11811E+08,-0.70551E+07,-0.16923E+07,-0.51324E+07,-0.71677E+07,-0.17982E+07
6543.400000000,-94501.,-0.88817E+06,-0.17308E+06,-0.13648E+07,-0.63815E+07,-0.66676E+06,-0.32192E+07,-0.28539E+07,-0.19548E+08,0.0000,-0.73540E+07,-0.40584E+07,-0.11346E+08,-0.63448E+07,-0.16192E+07,-0.34615E+07,-0.62289E+07,-0.17352E+07
6573.400000000,-91691.,-0.84841E+06,-0.16426E+06,-0.13036E+07,-0.59673E+07,-0.64922E+06,-0.28290E+07,-0.25656E+07,-0.16814E+08,-1374.2,-0.61370E+07,-0.26584E+07,-0.10535E+08,-0.54392E+07,-0.15529E+07,-0.20206E+07,-0.50151E+07,-0.16233E+07
6604.400000000,-89039.,-0.81942E+06,-0.15639E+06,-0.12449E+07,-0.56124E+07,-0.63296E+06,-0.25623E+07,-0.23778E+07,-0.15414E+08,-5976.9,-0.54072E+07,-0.20820E+07,-0.99148E+07,-0.46955E+07,-0.14913E+07,-0.14327E+07,-0.42149E+07,-0.15189E+07
6635.400000000,-86528.,-0.79383E+06,-0.14925E+06,-0.11898E+07,-0.53127E+07,-0.61807E+06,-0.23529E+07,-0.22275E+07,-0.14573E+08,-9485.7,-0.50357E+07,-0.17949E+07,-0.93175E+07,-0.41284E+07,-0.14340E+07,-0.11801E+07,-0.37198E+07,-0.14230E+07
6664.400000000,-84264.,-0.77120E+06,-0.14312E+06,-0.11407E+07,-0.50706E+07,-0.60510E+06,-0.22016E+07,-0.21102E+07,-0.14045E+08,-14775.,-0.47771E+07,-0.16499E+07,-0.87784E+07,-0.37258E+07,-0.13835E+07,-0.10675E+07,-0.34053E+07,-0.13427E+07
6695.400000000,-81910.,-0.74823E+06,-0.13708E+06,-0.10917E+07,-0.48539E+07,-0.59220E+06,-0.20798E+07,-0.20240E+07,-0.13656E+08,-18544.,-0.45644E+07,-0.15553E+07,-0.81867E+07,-0.33820E+07,-0.13337E+07,-0.10103E+07,-0.31899E+07,-0.12656E+07
6725.400000000,-82600.,-0.75248E+06,-0.14138E+06,-0.11208E+07,-0.51300E+07,-0.59000E+06,-0.23081E+07,-0.21776E+07,-0.17150E+08,-19151.,-0.55336E+07,-0.22379E+07,-0.85983E+07,-0.36346E+07,-0.13908E+07,-0.16651E+07,-0.44163E+07,-0.13122E+07
6756.400000000,-87490.,-0.81993E+06,-0.15301E+06,-0.11927E+07,-0.56888E+07,-0.62095E+06,-0.28272E+07,-0.25395E+07,-0.20825E+08,-22508.,-0.69365E+07,-0.46436E+07,-0.95464E+07,-0.47140E+07,-0.14710E+07,-0.31081E+07,-0.56058E+07,-0.14325E+07
6786.400000000,-90500.,-0.85489E+06,-0.16064E+06,-0.12395E+07,-0.61716E+07,-0.64077E+06,-0.31974E+07,-0.27067E+07,-0.22272E+08,-18112.,-0.78865E+07,-0.53157E+07,-0.10279E+08,-0.53696E+07,-0.15788E+07,-0.38914E+07,-0.65578E+07,-0.15761E+07
6817.400000000,-92687.,-0.87027E+06,-0.16730E+06,-0.12964E+07,-0.64254E+07,-0.65001E+06,-0.34494E+07,-0.28068E+07,-0.22214E+08,-7565.1,-0.81546E+07,-0.53632E+07,-0.11034E+08,-0.60503E+07,-0.16630E+07,-0.49331E+07,-0.72958E+07,-0.17104E+07
6848.400000000,-94366.,-0.90152E+06,-0.17583E+06,-0.13667E+07,-0.66674E+07,-0.66182E+06,-0.35990E+07,-0.30116E+07,-0.22508E+08,-3133.8,-0.85374E+07,-0.55479E+07,-0.11609E+08,-0.67938E+07,-0.17216E+07,-0.54904E+07,-0.75236E+07,-0.18041E+07
6878.400000000,-96107.,-0.90910E+06,-0.17872E+06,-0.13882E+07,-0.67239E+07,-0.67070E+06,-0.35936E+07,-0.30148E+07,-0.21518E+08,-459.40,-0.82848E+07,-0.50644E+07,-0.11738E+08,-0.69920E+07,-0.17039E+07,-0.50924E+07,-0.72603E+07,-0.18359E+07
6909.400000000,-96207.,-0.89413E+06,-0.17522E+06,-0.13669E+07,-0.65464E+07,-0.66223E+06,-0.32562E+07,-0.28905E+07,-0.19376E+08,-7217.4,-0.72710E+07,-0.42614E+07,-0.11352E+08,-0.64402E+07,-0.16749E+07,-0.35552E+07,-0.62549E+07,-0.17908E+07
6939.400000000,-93587.,-0.85739E+06,-0.16638E+06,-0.13074E+07,-0.61349E+07,-0.64546E+06,-0.28674E+07,-0.25978E+07,-0.16874E+08,-11772.,-0.61367E+07,-0.27389E+07,-0.10403E+08,-0.55213E+07,-0.16074E+07,-0.20390E+07,-0.49519E+07,-0.16792E+07
6970.400000000,-91008.,-0.82861E+06,-0.15844E+06,-0.12499E+07,-0.57748E+07,-0.62963E+06,-0.25995E+07,-0.24017E+07,-0.15542E+08,-15379.,-0.54603E+07,-0.21467E+07,-0.96743E+07,-0.47625E+07,-0.15439E+07,-0.14401E+07,-0.41722E+07,-0.15730E+07
7001.400000000,-88347.,-0.80211E+06,-0.15120E+06,-0.11956E+07,-0.54674E+07,-0.61492E+06,-0.23911E+07,-0.22496E+07,-0.14713E+08,-17835.,-0.50394E+07,-0.18443E+07,-0.89488E+07,-0.41772E+07,-0.14852E+07,-0.11844E+07,-0.36828E+07,-0.14746E+07
7029.400000000,-85965.,-0.77953E+06,-0.14512E+06,-0.11488E+07,-0.52240E+07,-0.60239E+06,-0.22403E+07,-0.21321E+07,-0.14174E+08,-18589.,-0.47687E+07,-0.16909E+07,-0.83598E+07,-0.37811E+07,-0.14350E+07,-0.10722E+07,-0.33792E+07,-0.13914E+07
7060.400000000,-83548.,-0.75583E+06,-0.13897E+06,-0.10999E+07,-0.49925E+07,-0.58942E+06,-0.21122E+07,-0.20368E+07,-0.13762E+08,-18769.,-0.45522E+07,-0.15847E+07,-0.79798E+07,-0.34270E+07,-0.13824E+07,-0.10122E+07,-0.31607E+07,-0.13107E+07
7090.400000000,-83295.,-0.75431E+06,-0.14136E+06,-0.10998E+07,-0.50569E+07,-0.58280E+06,-0.22440E+07,-0.21133E+07,-0.15911E+08,-10679.,-0.50862E+07,-0.19356E+07,-0.82821E+07,-0.36224E+07,-0.13405E+07,-0.15612E+07,-0.41710E+07,-0.13021E+07
7121.400000000,-88218.,-0.80703E+06,-0.15098E+06,-0.11604E+07,-0.54432E+07,-0.60964E+06,-0.26106E+07,-0.24661E+07,-0.18357E+08,-8661.2,-0.62129E+07,-0.46102E+07,-0.92333E+07,-0.42475E+07,-0.13585E+07,-0.24234E+07,-0.55232E+07,-0.13730E+07
7151.400000000,-91242.,-0.85439E+06,-0.16060E+06,-0.12218E+07,-0.59069E+07,-0.63572E+06,-0.30486E+07,-0.26966E+07,-0.20877E+08,-3312.8,-0.73347E+07,-0.55780E+07,-0.10005E+08,-0.52360E+07,-0.14086E+07,-0.36445E+07,-0.65216E+07,-0.14705E+07
7182.400000000,-92776.,-0.87185E+06,-0.16618E+06,-0.12785E+07,-0.61118E+07,-0.64291E+06,-0.33368E+07,-0.27471E+07,-0.21845E+08,0.0000,-0.78266E+07,-0.50060E+07,-0.10730E+08,-0.59855E+07,-0.14435E+07,-0.48648E+07,-0.70612E+07,-0.15734E+07
7213.400000000,-94123.,-0.88955E+06,-0.17366E+06,-0.13326E+07,-0.63370E+07,-0.65540E+06,-0.34839E+07,-0.28736E+07,-0.21818E+08,0.0000,-0.80640E+07,-0.51208E+07,-0.11362E+08,-0.67149E+07,-0.14750E+07,-0.56105E+07,-0.75960E+07,-0.16747E+07
7243.400000000,-95648.,-0.89343E+06,-0.17502E+06,-0.13400E+07,-0.63975E+07,-0.66899E+06,-0.34918E+07,-0.28619E+07,-0.20878E+08,0.0000,-0.78476E+07,-0.48283E+07,-0.11611E+08,-0.65845E+07,-0.14491E+07,-0.48624E+07,-0.76320E+07,-0.17193E+07
7274.400000000,-94029.,-0.85577E+06,-0.17116E+06,-0.13101E+07,-0.61765E+07,-0.65951E+06,-0.29942E+07,-0.27162E+07,-0.17693E+08,0.0000,-0.64008E+07,-0.36095E+07,-0.11180E+08,-0.61068E+07,-0.13896E+07,-0.34531E+07,-0.64776E+07,-0.16717E+07
7304.400000000,-91300.,-0.82234E+06,-0.16270E+06,-0.12525E+07,-0.57857E+07,-0.64178E+06,-0.26506E+07,-0.24819E+07,-0.15744E+08,0.0000,-0.54962E+07,-0.24791E+07,-0.10430E+08,-0.52377E+07,-0.13314E+07,-0.19888E+07,-0.50676E+07,-0.15654E+07
7335.400000000,-88709.,-0.79435E+06,-0.15492E+06,-0.11970E+07,-0.54509E+07,-0.62522E+06,-0.24048E+07,-0.23120E+07,-0.14636E+08,0.0000,-0.49915E+07,-0.19731E+07,-0.99616E+07,-0.45351E+07,-0.12781E+07,-0.14122E+07,-0.42417E+07,-0.14666E+07
7366.400000000,-86243.,-0.76830E+06,-0.14783E+06,-0.11447E+07,-0.51669E+07,-0.61000E+06,-0.22080E+07,-0.21720E+07,-0.13945E+08,0.0000,-0.46617E+07,-0.17190E+07,-0.94283E+07,-0.40049E+07,-0.12295E+07,-0.11668E+07,-0.37392E+07,-0.13760E+07
7394.400000000,-84093.,-0.74643E+06,-0.14223E+06,-0.10996E+07,-0.49482E+07,-0.59743E+06,-0.20704E+07,-0.20838E+07,-0.13550E+08,0.0000,-0.44606E+07,-0.16369E+07,-0.87897E+07,-0.36346E+07,-0.11889E+07,-0.10631E+07,-0.34257E+07,-0.13003E+07
7425.400000000,-81862.,-0.72384E+06,-0.13631E+06,-0.10521E+07,-0.47393E+07,-0.58457E+06,-0.19505E+07,-0.20157E+07,-0.13221E+08,0.0000,-0.42865E+07,-0.15633E+07,-0.84458E+07,-0.33023E+07,-0.11469E+07,-0.10025E+07,-0.31889E+07,-0.12248E+07
7455.400000000,-84783.,-0.74241E+06,-0.13863E+06,-0.10481E+07,-0.48793E+07,-0.58684E+06,-0.21695E+07,-0.21175E+07,-0.15146E+08,0.0000,-0.49395E+07,-0.23881E+07,-0.85447E+07,-0.33910E+07,-0.11767E+07,-0.13491E+07,-0.39264E+07,-0.12454E+07
7486.400000000,-88509.,-0.79720E+06,-0.14853E+06,-0.11107E+07,-0.53820E+07,-0.61196E+06,-0.26072E+07,-0.24390E+07,-0.18709E+08,0.0000,-0.63383E+07,-0.43620E+07,-0.92835E+07,-0.40543E+07,-0.12685E+07,-0.24538E+07,-0.54046E+07,-0.13602E+07
7516.400000000,-91820.,-0.84704E+06,-0.15804E+06,-0.11713E+07,-0.58740E+07,-0.62915E+06,-0.31012E+07,-0.26407E+07,-0.21161E+08,0.0000,-0.74643E+07,-0.52323E+07,-0.10204E+08,-0.48089E+07,-0.13961E+07,-0.35570E+07,-0.66705E+07,-0.14969E+07
7547.400000000,-93923.,-0.86363E+06,-0.16209E+06,-0.12312E+07,-0.60931E+07,-0.63979E+06,-0.33714E+07,-0.27005E+07,-0.22058E+08,0.0000,-0.79786E+07,-0.52974E+07,-0.10958E+08,-0.52872E+07,-0.14946E+07,-0.42155E+07,-0.72254E+07,-0.16157E+07
7578.400000000,-95452.,-0.88976E+06,-0.17020E+06,-0.12845E+07,-0.63315E+07,-0.64555E+06,-0.35744E+07,-0.28408E+07,-0.22395E+08,0.0000,-0.82977E+07,-0.53312E+07,-0.11515E+08,-0.61039E+07,-0.15587E+07,-0.50328E+07,-0.75848E+07,-0.17176E+07
7608.400000000,-96761.,-0.89859E+06,-0.17248E+06,-0.13027E+07,-0.63857E+07,-0.65090E+06,-0.35955E+07,-0.28484E+07,-0.21338E+08,0.0000,-0.79926E+07,-0.48023E+07,-0.11615E+08,-0.62221E+07,-0.15383E+07,-0.45035E+07,-0.71793E+07,-0.17392E+07
7639.400000000,-95357.,-0.86789E+06,-0.16784E+06,-0.12633E+07,-0.61902E+07,-0.64524E+06,-0.31225E+07,-0.26540E+07,-0.18064E+08,0.0000,-0.66229E+07,-0.37492E+07,-0.11283E+08,-0.56757E+07,-0.14690E+07,-0.31664E+07,-0.64347E+07,-0.16881E+07
7669.400000000,-92630.,-0.83226E+06,-0.15937E+06,-0.12068E+07,-0.57908E+07,-0.62831E+06,-0.27499E+07,-0.24406E+07,-0.15986E+08,0.0000,-0.56621E+07,-0.25018E+07,-0.10702E+08,-0.48817E+07,-0.14061E+07,-0.18872E+07,-0.52210E+07,-0.15770E+07
7700.400000000,-90039.,-0.80372E+06,-0.15170E+06,-0.11535E+07,-0.54503E+07,-0.61250E+06,-0.24912E+07,-0.22741E+07,-0.14744E+08,0.0000,-0.50722E+07,-0.19592E+07,-0.99754E+07,-0.42601E+07,-0.13488E+07,-0.13702E+07,-0.43267E+07,-0.14771E+07
7731.400000000,-87553.,-0.77700E+06,-0.14473E+06,-0.11033E+07,-0.51634E+07,-0.59795E+06,-0.22859E+07,-0.21357E+07,-0.13978E+08,0.0000,-0.47155E+07,-0.16900E+07,-0.91317E+07,-0.37965E+07,-0.12961E+07,-0.11420E+07,-0.37787E+07,-0.13858E+07
7759.400000000,-85301.,-0.75402E+06,-0.13882E+06,-0.10593E+07,-0.49394E+07,-0.58561E+06,-0.21367E+07,-0.20467E+07,-0.13491E+08,0.0000,-0.44721E+07,-0.15532E+07,-0.86604E+07,-0.34545E+07,-0.12513E+07,-0.10459E+07,-0.34433E+07,-0.13092E+07
7790.400000000,-82919.,-0.73004E+06,-0.13291E+06,-0.10139E+07,-0.47312E+07,-0.57299E+06,-0.20133E+07,-0.19703E+07,-0.13124E+08,0.0000,-0.42675E+07,-0.14668E+07,-0.81467E+07,-0.31633E+07,-0.12064E+07,-0.99304E+06,-0.32102E+07,-0.12321E+07
7820.400000000,-83857.,-0.74436E+06,-0.13859E+06,-0.10533E+07,-0.49221E+07,-0.58035E+06,-0.22050E+07,-0.21134E+07,-0.15669E+08,0.0000,-0.50782E+07,-0.26325E+07,-0.85457E+07,-0.36629E+07,-0.12632E+07,-0.17905E+07,-0.41976E+07,-0.12720E+07
7851.400000000,-85787.,-0.78997E+06,-0.15114E+06,-0.11593E+07,-0.53936E+07,-0.59298E+06,-0.26004E+07,-0.24409E+07,-0.18325E+08,0.0000,-0.62827E+07,-0.42418E+07,-0.93072E+07,-0.47360E+07,-0.13338E+07,-0.31837E+07,-0.56108E+07,-0.13836E+07
7881.400000000,-88607.,-0.84354E+06,-0.16211E+06,-0.12404E+07,-0.59441E+07,-0.61177E+06,-0.30826E+07,-0.26773E+07,-0.20947E+08,0.0000,-0.72627E+07,-0.53683E+07,-0.10130E+08,-0.55808E+07,-0.15107E+07,-0.41857E+07,-0.67352E+07,-0.15514E+07
7912.400000000,-90213.,-0.84132E+06,-0.16767E+06,-0.12930E+07,-0.60872E+07,-0.61826E+06,-0.32350E+07,-0.27098E+07,-0.20312E+08,0.0000,-0.75305E+07,-0.50053E+07,-0.10892E+08,-0.63313E+07,-0.15414E+07,-0.51531E+07,-0.73738E+07,-0.16594E+07
7943.400000000,-91821.,-0.84955E+06,-0.17485E+06,-0.13395E+07,-0.61925E+07,-0.62175E+06,-0.33681E+07,-0.27944E+07,-0.20204E+08,0.0000,-0.79274E+07,-0.48507E+07,-0.11448E+08,-0.70327E+07,-0.15230E+07,-0.56518E+07,-0.75737E+07,-0.17232E+07
7973.400000000,-92633.,-0.84273E+06,-0.17972E+06,-0.13692E+07,-0.62823E+07,-0.63159E+06,-0.30023E+07,-0.28814E+07,-0.19101E+08,0.0000,-0.73652E+07,-0.49583E+07,-0.11572E+08,-0.73523E+07,-0.14744E+07,-0.52296E+07,-0.71427E+07,-0.17430E+07
8004.400000000,-91324.,-0.80027E+06,-0.17108E+06,-0.13135E+07,-0.59078E+07,-0.62430E+06,-0.25467E+07,-0.25447E+07,-0.15852E+08,0.0000,-0.57678E+07,-0.33292E+07,-0.11067E+08,-0.64418E+07,-0.13820E+07,-0.29669E+07,-0.62311E+07,-0.16648E+07
8034.400000000,-88696.,-0.77022E+06,-0.16286E+06,-0.12524E+07,-0.55332E+07,-0.60814E+06,-0.22906E+07,-0.23588E+07,-0.14328E+08,0.0000,-0.50484E+07,-0.23088E+07,-0.10292E+08,-0.54811E+07,-0.13192E+07,-0.17861E+07,-0.49208E+07,-0.15532E+07
8065.400000000,-86187.,-0.74340E+06,-0.15509E+06,-0.11948E+07,-0.52233E+07,-0.59308E+06,-0.20964E+07,-0.22090E+07,-0.13548E+08,0.0000,-0.46373E+07,-0.18425E+07,-0.96157E+07,-0.47072E+07,-0.12647E+07,-0.13181E+07,-0.41377E+07,-0.14520E+07
8096.400000000,-83799.,-0.71866E+06,-0.14789E+06,-0.11408E+07,-0.49666E+07,-0.57926E+06,-0.19492E+07,-0.20844E+07,-0.13052E+08,0.0000,-0.43636E+07,-0.16029E+07,-0.89901E+07,-0.41213E+07,-0.12153E+07,-0.11159E+07,-0.36507E+07,-0.13604E+07
8125.400000000,-81574.,-0.69704E+06,-0.14160E+06,-0.10928E+07,-0.47576E+07,-0.56719E+06,-0.18470E+07,-0.20073E+07,-0.12711E+08,0.0000,-0.41610E+07,-0.14826E+07,-0.84386E+07,-0.37094E+07,-0.11724E+07,-0.10268E+07,-0.33419E+07,-0.12815E+07
8156.400000000,-79286.,-0.67553E+06,-0.13546E+06,-0.10448E+07,-0.45680E+07,-0.55526E+06,-0.17551E+07,-0.19374E+07,-0.12449E+08,0.0000,-0.39905E+07,-0.14048E+07,-0.80250E+07,-0.33587E+07,-0.11305E+07,-0.97643E+06,-0.31267E+07,-0.12064E+07
8186.400000000,-79527.,-0.68560E+06,-0.13882E+06,-0.10741E+07,-0.47339E+07,-0.55874E+06,-0.19554E+07,-0.20589E+07,-0.14596E+08,0.0000,-0.45723E+07,-0.21572E+07,-0.81693E+07,-0.37003E+07,-0.11751E+07,-0.15568E+07,-0.37546E+07,-0.12349E+07
8217.400000000,-82128.,-0.73923E+06,-0.15161E+06,-0.11630E+07,-0.52524E+07,-0.58115E+06,-0.23696E+07,-0.24026E+07,-0.18291E+08,0.0000,-0.59930E+07,-0.43102E+07,-0.90639E+07,-0.47681E+07,-0.13339E+07,-0.29515E+07,-0.53758E+07,-0.14116E+07
8247.400000000,-84482.,-0.79135E+06,-0.16104E+06,-0.12099E+07,-0.57428E+07,-0.60091E+06,-0.28610E+07,-0.25428E+07,-0.20836E+08,0.0000,-0.71448E+07,-0.50719E+07,-0.98712E+07,-0.55638E+07,-0.14611E+07,-0.39611E+07,-0.65854E+07,-0.15763E+07
8278.400000000,-87037.,-0.82855E+06,-0.17066E+06,-0.12664E+07,-0.62695E+07,-0.61251E+06,-0.32342E+07,-0.26689E+07,-0.22311E+08,0.0000,-0.79574E+07,-0.53027E+07,-0.10743E+08,-0.64369E+07,-0.15671E+07,-0.51720E+07,-0.71682E+07,-0.17451E+07
8309.400000000,-89171.,-0.85138E+06,-0.17906E+06,-0.13246E+07,-0.66289E+07,-0.62183E+06,-0.33951E+07,-0.28694E+07,-0.22370E+08,0.0000,-0.81620E+07,-0.53932E+07,-0.11346E+08,-0.71460E+07,-0.16319E+07,-0.56356E+07,-0.75639E+07,-0.18575E+07
8339.400000000,-91313.,-0.86914E+06,-0.18378E+06,-0.13679E+07,-0.67664E+07,-0.63578E+06,-0.34166E+07,-0.30026E+07,-0.21599E+08,0.0000,-0.79631E+07,-0.54926E+07,-0.11556E+08,-0.74822E+07,-0.16382E+07,-0.52816E+07,-0.71831E+07,-0.19003E+07
8370.400000000,-90166.,-0.82592E+06,-0.17768E+06,-0.13247E+07,-0.65045E+07,-0.62982E+06,-0.28768E+07,-0.27201E+07,-0.17918E+08,0.0000,-0.63218E+07,-0.37190E+07,-0.11064E+08,-0.67397E+07,-0.15650E+07,-0.35138E+07,-0.63947E+07,-0.18339E+07
8400.400000000,-87496.,-0.79111E+06,-0.16874E+06,-0.12652E+07,-0.60777E+07,-0.61323E+06,-0.25407E+07,-0.24898E+07,-0.15799E+08,0.0000,-0.53842E+07,-0.25188E+07,-0.10228E+08,-0.57450E+07,-0.14985E+07,-0.20028E+07,-0.50036E+07,-0.17135E+07
8431.400000000,-84964.,-0.76315E+06,-0.16050E+06,-0.12082E+07,-0.57104E+07,-0.59782E+06,-0.22994E+07,-0.23162E+07,-0.14633E+08,0.0000,-0.48901E+07,-0.19694E+07,-0.95929E+07,-0.49222E+07,-0.14384E+07,-0.14189E+07,-0.41829E+07,-0.16010E+07
8462.400000000,-82500.,-0.73730E+06,-0.15292E+06,-0.11546E+07,-0.53998E+07,-0.58362E+06,-0.21087E+07,-0.21700E+07,-0.13901E+08,0.0000,-0.45600E+07,-0.16903E+07,-0.88744E+07,-0.42966E+07,-0.13826E+07,-0.11704E+07,-0.36756E+07,-0.15021E+07
8490.400000000,-80356.,-0.71517E+06,-0.14655E+06,-0.11085E+07,-0.51550E+07,-0.57160E+06,-0.19746E+07,-0.20684E+07,-0.13420E+08,0.0000,-0.43336E+07,-0.15506E+07,-0.82976E+07,-0.38708E+07,-0.13350E+07,-0.10591E+07,-0.33613E+07,-0.14189E+07
8521.400000000,-78198.,-0.69513E+06,-0.14026E+06,-0.10602E+07,-0.49309E+07,-0.55917E+06,-0.19147E+07,-0.19896E+07,-0.13221E+08,0.0000,-0.42900E+07,-0.14505E+07,-0.79071E+07,-0.34905E+07,-0.12863E+07,-0.99674E+06,-0.31291E+07,-0.13371E+07
8551.400000000,-79608.,-0.71429E+06,-0.14494E+06,-0.10914E+07,-0.51242E+07,-0.56875E+06,-0.21583E+07,-0.21141E+07,-0.15055E+08,0.0000,-0.49664E+07,-0.24847E+07,-0.82459E+07,-0.40124E+07,-0.13308E+07,-0.18295E+07,-0.40158E+07,-0.13734E+07
8582.400000000,-82687.,-0.76851E+06,-0.15779E+06,-0.11746E+07,-0.56426E+07,-0.59433E+06,-0.25842E+07,-0.24861E+07,-0.18953E+08,-2611.3,-0.63648E+07,-0.47705E+07,-0.91742E+07,-0.50524E+07,-0.14280E+07,-0.31603E+07,-0.55483E+07,-0.15010E+07
8612.400000000,-87370.,-0.82544E+06,-0.16875E+06,-0.12625E+07,-0.61399E+07,-0.62184E+06,-0.30149E+07,-0.27700E+07,-0.21030E+08,-7388.8,-0.74117E+07,-0.59651E+07,-0.10085E+08,-0.58803E+07,-0.15495E+07,-0.39914E+07,-0.64759E+07,-0.16668E+07
8643.400000000,-89872.,-0.86715E+06,-0.17727E+06,-0.13172E+07,-0.66156E+07,-0.63469E+06,-0.33916E+07,-0.28436E+07,-0.22554E+08,-3435.6,-0.83257E+07,-0.58312E+07,-0.10870E+08,-0.66466E+07,-0.17105E+07,-0.52615E+07,-0.70402E+07,-0.18611E+07
8674.400000000,-93061.,-0.90225E+06,-0.18642E+06,-0.13895E+07,-0.69178E+07,-0.65321E+06,-0.35335E+07,-0.30640E+07,-0.22635E+08,-2589.8,-0.84768E+07,-0.63113E+07,-0.11491E+08,-0.74790E+07,-0.18158E+07,-0.59463E+07,-0.73015E+07,-0.19931E+07
8704.400000000,-94428.,-0.91314E+06,-0.18897E+06,-0.14157E+07,-0.69820E+07,-0.66239E+06,-0.35312E+07,-0.30941E+07,-0.21701E+08,0.0000,-0.82287E+07,-0.57152E+07,-0.11571E+08,-0.76059E+07,-0.18033E+07,-0.53916E+07,-0.70409E+07,-0.20273E+07
8735.400000000,-95681.,-0.89872E+06,-0.18458E+06,-0.13871E+07,-0.67513E+07,-0.65440E+06,-0.32547E+07,-0.28996E+07,-0.19148E+08,-235.30,-0.71445E+07,-0.42636E+07,-0.11311E+08,-0.70632E+07,-0.17447E+07,-0.38713E+07,-0.64233E+07,-0.19683E+07
8765.400000000,-92889.,-0.86105E+06,-0.17514E+06,-0.13263E+07,-0.63237E+07,-0.63793E+06,-0.28575E+07,-0.26091E+07,-0.16731E+08,-5052.8,-0.59962E+07,-0.27604E+07,-0.10356E+08,-0.60357E+07,-0.16694E+07,-0.21495E+07,-0.50170E+07,-0.18442E+07
8796.400000000,-90171.,-0.83178E+06,-0.16659E+06,-0.12677E+07,-0.59495E+07,-0.62234E+06,-0.25847E+07,-0.24192E+07,-0.15418E+08,-8863.0,-0.53035E+07,-0.21514E+07,-0.96335E+07,-0.51762E+07,-0.16018E+07,-0.14800E+07,-0.41885E+07,-0.17260E+07
8827.400000000,-87530.,-0.80414E+06,-0.15872E+06,-0.12126E+07,-0.56284E+07,-0.60781E+06,-0.23685E+07,-0.22638E+07,-0.14582E+08,-11443.,-0.49016E+07,-0.18286E+07,-0.90715E+07,-0.45049E+07,-0.15397E+07,-0.12064E+07,-0.36818E+07,-0.16164E+07
8855.400000000,-85166.,-0.78018E+06,-0.15211E+06,-0.11651E+07,-0.53741E+07,-0.59540E+06,-0.22058E+07,-0.21433E+07,-0.14028E+08,-12940.,-0.46404E+07,-0.16645E+07,-0.85314E+07,-0.40529E+07,-0.14872E+07,-0.10801E+07,-0.33681E+07,-0.15237E+07
8886.400000000,-82628.,-0.75478E+06,-0.14535E+06,-0.11156E+07,-0.51261E+07,-0.58244E+06,-0.20686E+07,-0.20408E+07,-0.13566E+08,-13751.,-0.44111E+07,-0.15443E+07,-0.80107E+07,-0.36492E+07,-0.14325E+07,-0.10085E+07,-0.31475E+07,-0.14314E+07
8916.400000000,-82789.,-0.73126E+06,-0.14036E+06,-0.11207E+07,-0.48555E+07,-0.57325E+06,-0.19179E+07,-0.19802E+07,-0.12920E+08,-12602.,-0.40837E+07,-0.13170E+07,-0.84052E+07,-0.34644E+07,-0.14141E+07,-0.10225E+07,-0.41786E+07,-0.13418E+07
8947.400000000,-87613.,-0.77108E+06,-0.15265E+06,-0.11929E+07,-0.52946E+07,-0.59348E+06,-0.22829E+07,-0.23132E+07,-0.17091E+08,-17015.,-0.54375E+07,-0.35256E+07,-0.91332E+07,-0.43614E+07,-0.14810E+07,-0.23159E+07,-0.53613E+07,-0.14255E+07
8977.400000000,-90923.,-0.82117E+06,-0.16344E+06,-0.12535E+07,-0.57802E+07,-0.61560E+06,-0.27190E+07,-0.25308E+07,-0.19893E+08,-16692.,-0.67675E+07,-0.48032E+07,-0.99973E+07,-0.53604E+07,-0.15853E+07,-0.34403E+07,-0.62777E+07,-0.15553E+07
9008.400000000,-93373.,-0.86493E+06,-0.17318E+06,-0.13100E+07,-0.63450E+07,-0.63372E+06,-0.32256E+07,-0.26481E+07,-0.22040E+08,-12120.,-0.78325E+07,-0.52793E+07,-0.10758E+08,-0.62618E+07,-0.17331E+07,-0.49026E+07,-0.70456E+07,-0.17469E+07
9039.400000000,-95006.,-0.89575E+06,-0.18243E+06,-0.13781E+07,-0.67259E+07,-0.64303E+06,-0.34403E+07,-0.28906E+07,-0.22114E+08,-9314.2,-0.81063E+07,-0.56138E+07,-0.11364E+08,-0.70914E+07,-0.18346E+07,-0.55944E+07,-0.74019E+07,-0.18897E+07
9069.400000000,-96146.,-0.90491E+06,-0.18451E+06,-0.13903E+07,-0.68088E+07,-0.64834E+06,-0.34541E+07,-0.29005E+07,-0.21311E+08,-3588.0,-0.78987E+07,-0.49869E+07,-0.11529E+08,-0.71485E+07,-0.18256E+07,-0.49814E+07,-0.71573E+07,-0.19454E+07
9100.400000000,-97636.,-0.90618E+06,-0.18315E+06,-0.13617E+07,-0.67093E+07,-0.64173E+06,-0.33150E+07,-0.27736E+07,-0.19543E+08,-1614.3,-0.72071E+07,-0.42553E+07,-0.11268E+08,-0.69842E+07,-0.17675E+07,-0.40470E+07,-0.64154E+07,-0.19300E+07
9130.400000000,-94842.,-0.86640E+06,-0.17355E+06,-0.13009E+07,-0.62823E+07,-0.62581E+06,-0.29003E+07,-0.25246E+07,-0.16831E+08,-6695.9,-0.59610E+07,-0.27369E+07,-0.10402E+08,-0.59554E+07,-0.16907E+07,-0.22094E+07,-0.50137E+07,-0.18079E+07
9161.400000000,-92104.,-0.83647E+06,-0.16499E+06,-0.12427E+07,-0.59123E+07,-0.61072E+06,-0.26022E+07,-0.23475E+07,-0.15405E+08,-11143.,-0.52689E+07,-0.21074E+07,-0.99195E+07,-0.50992E+07,-0.16216E+07,-0.14878E+07,-0.41938E+07,-0.16925E+07
9192.400000000,-89463.,-0.80864E+06,-0.15728E+06,-0.11880E+07,-0.55972E+07,-0.59676E+06,-0.23718E+07,-0.22039E+07,-0.14546E+08,-14214.,-0.48658E+07,-0.17949E+07,-0.91584E+07,-0.44438E+07,-0.15591E+07,-0.12033E+07,-0.36909E+07,-0.15859E+07
9220.400000000,-87047.,-0.78460E+06,-0.15073E+06,-0.11410E+07,-0.53481E+07,-0.58481E+06,-0.22003E+07,-0.20914E+07,-0.14002E+08,-16037.,-0.46020E+07,-0.16296E+07,-0.85258E+07,-0.40007E+07,-0.15055E+07,-0.10759E+07,-0.33770E+07,-0.14959E+07
9251.400000000,-84494.,-0.75964E+06,-0.14419E+06,-0.10920E+07,-0.51103E+07,-0.57261E+06,-0.20620E+07,-0.20145E+07,-0.13593E+08,-17128.,-0.43872E+07,-0.15286E+07,-0.82275E+07,-0.36080E+07,-0.14494E+07,-0.10098E+07,-0.31550E+07,-0.14044E+07
9281.400000000,-87086.,-0.76987E+06,-0.14602E+06,-0.10935E+07,-0.51707E+07,-0.58274E+06,-0.22180E+07,-0.20859E+07,-0.15539E+08,-17691.,-0.49596E+07,-0.23515E+07,-0.83212E+07,-0.38517E+07,-0.14188E+07,-0.15165E+07,-0.39312E+07,-0.13560E+07
9312.400000000,-92263.,-0.81195E+06,-0.15742E+06,-0.11723E+07,-0.56297E+07,-0.60663E+06,-0.25115E+07,-0.24229E+07,-0.18485E+08,-20662.,-0.60954E+07,-0.43473E+07,-0.91415E+07,-0.48389E+07,-0.15240E+07,-0.28029E+07,-0.51789E+07,-0.14765E+07
9342.400000000,-94913.,-0.85314E+06,-0.16629E+06,-0.12338E+07,-0.60386E+07,-0.62687E+06,-0.28636E+07,-0.25996E+07,-0.20070E+08,-22807.,-0.68976E+07,-0.49077E+07,-0.97822E+07,-0.58088E+07,-0.16438E+07,-0.37833E+07,-0.59705E+07,-0.16101E+07
9373.400000000,-97403.,-0.88752E+06,-0.17525E+06,-0.12944E+07,-0.64787E+07,-0.63937E+06,-0.32817E+07,-0.27060E+07,-0.21108E+08,-19968.,-0.77273E+07,-0.53354E+07,-0.10633E+08,-0.66417E+07,-0.18204E+07,-0.52451E+07,-0.70164E+07,-0.18032E+07
9404.400000000,-99372.,-0.91936E+06,-0.18429E+06,-0.13545E+07,-0.68486E+07,-0.65110E+06,-0.35287E+07,-0.28690E+07,-0.21463E+08,-17099.,-0.81606E+07,-0.54823E+07,-0.11308E+08,-0.74317E+07,-0.19729E+07,-0.60501E+07,-0.76020E+07,-0.19647E+07
9434.400000000,-0.10109E+06,-0.93531E+06,-0.18788E+06,-0.13783E+07,-0.69962E+07,-0.65890E+06,-0.35763E+07,-0.29192E+07,-0.20563E+08,-13070.,-0.80187E+07,-0.51588E+07,-0.11650E+08,-0.75273E+07,-0.19870E+07,-0.55460E+07,-0.76409E+07,-0.20555E+07
9465.400000000,-0.10279E+06,-0.92847E+06,-0.18616E+06,-0.13630E+07,-0.68970E+07,-0.65856E+06,-0.33137E+07,-0.28397E+07,-0.19117E+08,-14214.,-0.71662E+07,-0.45105E+07,-0.11410E+08,-0.72015E+07,-0.19320E+07,-0.41931E+07,-0.68055E+07,-0.20316E+07
9495.400000000,-99914.,-0.88813E+06,-0.17649E+06,-0.13038E+07,-0.64597E+07,-0.64181E+06,-0.29056E+07,-0.25698E+07,-0.16790E+08,-18050.,-0.59585E+07,-0.28303E+07,-0.10439E+08,-0.61418E+07,-0.18488E+07,-0.22892E+07,-0.52400E+07,-0.19057E+07
9526.400000000,-97033.,-0.85843E+06,-0.16779E+06,-0.12466E+07,-0.60820E+07,-0.62595E+06,-0.26209E+07,-0.23857E+07,-0.15457E+08,-21121.,-0.52611E+07,-0.21634E+07,-0.95761E+07,-0.52576E+07,-0.17715E+07,-0.15269E+07,-0.43216E+07,-0.17857E+07
9557.400000000,-94245.,-0.83032E+06,-0.15987E+06,-0.11928E+07,-0.57567E+07,-0.61123E+06,-0.23975E+07,-0.22347E+07,-0.14628E+08,-23077.,-0.48817E+07,-0.18252E+07,-0.90256E+07,-0.45705E+07,-0.17004E+07,-0.12266E+07,-0.37653E+07,-0.16742E+07
9586.400000000,-91643.,-0.80522E+06,-0.15305E+06,-0.11448E+07,-0.54923E+07,-0.59828E+06,-0.22258E+07,-0.21161E+07,-0.14076E+08,-24058.,-0.46234E+07,-0.16568E+07,-0.84434E+07,-0.40873E+07,-0.16379E+07,-0.10869E+07,-0.34164E+07,-0.15769E+07
9617.400000000,-89177.,-0.78071E+06,-0.14708E+06,-0.10972E+07,-0.52557E+07,-0.58581E+06,-0.20935E+07,-0.20449E+07,-0.13823E+08,-23741.,-0.44516E+07,-0.15908E+07,-0.81643E+07,-0.37344E+07,-0.15772E+07,-0.10642E+07,-0.31820E+07,-0.14839E+07
9647.400000000,-91360.,-0.79837E+06,-0.14950E+06,-0.10741E+07,-0.54664E+07,-0.59328E+06,-0.23216E+07,-0.20538E+07,-0.16544E+08,-22865.,-0.53194E+07,-0.22148E+07,-0.81408E+07,-0.40738E+07,-0.15962E+07,-0.15800E+07,-0.40998E+07,-0.15055E+07
9678.400000000,-94725.,-0.83940E+06,-0.15486E+06,-0.10667E+07,-0.58725E+07,-0.61662E+06,-0.26705E+07,-0.21408E+07,-0.19081E+08,-25942.,-0.63399E+07,-0.36829E+07,-0.84824E+07,-0.46650E+07,-0.16950E+07,-0.22817E+07,-0.51868E+07,-0.16115E+07
9708.400000000,-97331.,-0.86911E+06,-0.16513E+06,-0.11274E+07,-0.63888E+07,-0.63386E+06,-0.30801E+07,-0.23084E+07,-0.21186E+08,-22143.,-0.75068E+07,-0.44671E+07,-0.94012E+07,-0.54863E+07,-0.18468E+07,-0.33536E+07,-0.64051E+07,-0.17813E+07
9739.400000000,-99450.,-0.89960E+06,-0.17472E+06,-0.11899E+07,-0.68427E+07,-0.64925E+06,-0.34263E+07,-0.24713E+07,-0.21904E+08,-15909.,-0.81021E+07,-0.50775E+07,-0.10290E+08,-0.63305E+07,-0.20076E+07,-0.46723E+07,-0.71651E+07,-0.19610E+07
9770.400000000,-0.10113E+06,-0.93108E+06,-0.18405E+06,-0.12651E+07,-0.71730E+07,-0.65998E+06,-0.36082E+07,-0.27089E+07,-0.21786E+08,-12361.,-0.83546E+07,-0.51859E+07,-0.10930E+08,-0.72803E+07,-0.21437E+07,-0.57352E+07,-0.75585E+07,-0.21077E+07
9800.400000000,-0.10245E+06,-0.94285E+06,-0.18623E+06,-0.12857E+07,-0.72404E+07,-0.66650E+06,-0.35870E+07,-0.27605E+07,-0.20539E+08,-7290.9,-0.80351E+07,-0.46562E+07,-0.11105E+08,-0.73675E+07,-0.21138E+07,-0.51613E+07,-0.72894E+07,-0.21332E+07
9831.400000000,-0.10183E+06,-0.92058E+06,-0.18216E+06,-0.12861E+07,-0.69536E+07,-0.66203E+06,-0.32348E+07,-0.26859E+07,-0.18136E+08,-9042.7,-0.69577E+07,-0.36732E+07,-0.10919E+08,-0.68030E+07,-0.20600E+07,-0.36546E+07,-0.65858E+07,-0.20600E+07
9861.400000000,-99046.,-0.88420E+06,-0.17301E+06,-0.12302E+07,-0.65190E+07,-0.64508E+06,-0.28520E+07,-0.24597E+07,-0.16285E+08,-14329.,-0.59333E+07,-0.24964E+07,-0.10081E+08,-0.58032E+07,-0.19722E+07,-0.20309E+07,-0.50897E+07,-0.19274E+07
9892.400000000,-96348.,-0.85405E+06,-0.16459E+06,-0.11765E+07,-0.61399E+07,-0.62908E+06,-0.25808E+07,-0.22834E+07,-0.15186E+08,-18478.,-0.52651E+07,-0.19534E+07,-0.94172E+07,-0.49819E+07,-0.18875E+07,-0.14128E+07,-0.42152E+07,-0.18060E+07
9923.400000000,-93773.,-0.82634E+06,-0.15687E+06,-0.11257E+07,-0.58127E+07,-0.61425E+06,-0.23626E+07,-0.21391E+07,-0.14474E+08,-20486.,-0.48855E+07,-0.16812E+07,-0.87211E+07,-0.43682E+07,-0.18102E+07,-0.11616E+07,-0.36805E+07,-0.16940E+07
9951.400000000,-91438.,-0.80238E+06,-0.15039E+06,-0.10820E+07,-0.55543E+07,-0.60162E+06,-0.22051E+07,-0.20537E+07,-0.13989E+08,-21547.,-0.46465E+07,-0.15427E+07,-0.81506E+07,-0.39409E+07,-0.17459E+07,-0.10510E+07,-0.33521E+07,-0.15994E+07
9982.400000000,-88843.,-0.77730E+06,-0.14446E+06,-0.10444E+07,-0.53072E+07,-0.58841E+06,-0.20750E+07,-0.19873E+07,-0.13629E+08,-22015.,-0.44827E+07,-0.14520E+07,-0.76875E+07,-0.36358E+07,-0.16792E+07,-0.10582E+07,-0.31159E+07,-0.15038E+07
10012.40000000,-90070.,-0.79184E+06,-0.15095E+06,-0.11072E+07,-0.55898E+07,-0.59865E+06,-0.22749E+07,-0.21898E+07,-0.16320E+08,-23136.,-0.53313E+07,-0.27495E+07,-0.81842E+07,-0.42284E+07,-0.17161E+07,-0.19767E+07,-0.42150E+07,-0.15537E+07
10043.40000000,-93206.,-0.84032E+06,-0.16128E+06,-0.11939E+07,-0.60514E+07,-0.62339E+06,-0.27342E+07,-0.24587E+07,-0.19262E+08,-11047.,-0.65777E+07,-0.41813E+07,-0.90365E+07,-0.52204E+07,-0.17213E+07,-0.32664E+07,-0.55331E+07,-0.16361E+07
10073.40000000,-95519.,-0.87847E+06,-0.16898E+06,-0.12517E+07,-0.63844E+07,-0.63487E+06,-0.31793E+07,-0.25579E+07,-0.20618E+08,0.0000,-0.76479E+07,-0.44059E+07,-0.10010E+08,-0.59287E+07,-0.17349E+07,-0.43497E+07,-0.68832E+07,-0.17262E+07
10104.40000000,-96724.,-0.87504E+06,-0.17067E+06,-0.13041E+07,-0.63996E+07,-0.63370E+06,-0.33488E+07,-0.25171E+07,-0.19295E+08,0.0000,-0.75184E+07,-0.36996E+07,-0.10880E+08,-0.63925E+07,-0.17191E+07,-0.50026E+07,-0.73676E+07,-0.17898E+07
10135.40000000,-98569.,-0.89412E+06,-0.17583E+06,-0.13468E+07,-0.65090E+07,-0.64042E+06,-0.35275E+07,-0.26016E+07,-0.19693E+08,0.0000,-0.79542E+07,-0.40955E+07,-0.11572E+08,-0.69581E+07,-0.17062E+07,-0.54997E+07,-0.78739E+07,-0.18403E+07
10165.40000000,-99253.,-0.87708E+06,-0.17937E+06,-0.13567E+07,-0.66302E+07,-0.65446E+06,-0.31354E+07,-0.26955E+07,-0.18782E+08,0.0000,-0.70610E+07,-0.46015E+07,-0.11869E+08,-0.68974E+07,-0.16368E+07,-0.47539E+07,-0.75748E+07,-0.18489E+07
10196.40000000,-97602.,-0.84085E+06,-0.17073E+06,-0.13019E+07,-0.63087E+07,-0.64082E+06,-0.27315E+07,-0.24544E+07,-0.15916E+08,0.0000,-0.56346E+07,-0.29499E+07,-0.11100E+08,-0.60380E+07,-0.15553E+07,-0.27359E+07,-0.64536E+07,-0.17470E+07
10226.40000000,-94874.,-0.81175E+06,-0.16267E+06,-0.12396E+07,-0.59043E+07,-0.62459E+06,-0.24547E+07,-0.22686E+07,-0.14383E+08,0.0000,-0.49510E+07,-0.20940E+07,-0.10225E+08,-0.51690E+07,-0.14871E+07,-0.16645E+07,-0.50381E+07,-0.16311E+07
10257.40000000,-92192.,-0.78549E+06,-0.15512E+06,-0.11807E+07,-0.55620E+07,-0.60925E+06,-0.22373E+07,-0.21199E+07,-0.13546E+08,0.0000,-0.45958E+07,-0.16973E+07,-0.93663E+07,-0.44913E+07,-0.14249E+07,-0.12549E+07,-0.41991E+07,-0.15245E+07
10288.40000000,-89572.,-0.76082E+06,-0.14812E+06,-0.11256E+07,-0.52750E+07,-0.59501E+06,-0.20622E+07,-0.20256E+07,-0.12995E+08,0.0000,-0.43359E+07,-0.15018E+07,-0.86835E+07,-0.39924E+07,-0.13679E+07,-0.10836E+07,-0.36802E+07,-0.14302E+07
10316.40000000,-87078.,-0.73946E+06,-0.14221E+06,-0.10786E+07,-0.50508E+07,-0.58285E+06,-0.19465E+07,-0.19538E+07,-0.12649E+08,0.0000,-0.41501E+07,-0.13988E+07,-0.83020E+07,-0.36191E+07,-0.13209E+07,-0.10079E+07,-0.33635E+07,-0.13523E+07
10347.40000000,-84391.,-0.71725E+06,-0.13673E+06,-0.10381E+07,-0.48405E+07,-0.57049E+06,-0.18395E+07,-0.19011E+07,-0.12412E+08,0.0000,-0.40623E+07,-0.13493E+07,-0.80015E+07,-0.33346E+07,-0.12732E+07,-0.99712E+06,-0.31495E+07,-0.12742E+07
10377.40000000,-86028.,-0.73429E+06,-0.14356E+06,-0.10821E+07,-0.50846E+07,-0.58424E+06,-0.20458E+07,-0.20955E+07,-0.15317E+08,0.0000,-0.49150E+07,-0.26130E+07,-0.82992E+07,-0.39135E+07,-0.12887E+07,-0.18670E+07,-0.41178E+07,-0.13051E+07
10408.40000000,-88838.,-0.77352E+06,-0.15311E+06,-0.11484E+07,-0.55651E+07,-0.59910E+06,-0.24761E+07,-0.23083E+07,-0.18337E+08,0.0000,-0.61742E+07,-0.37130E+07,-0.90987E+07,-0.47231E+07,-0.14029E+07,-0.30345E+07,-0.54604E+07,-0.14263E+07
10438.40000000,-90927.,-0.79332E+06,-0.15985E+06,-0.12041E+07,-0.58829E+07,-0.61436E+06,-0.28385E+07,-0.24213E+07,-0.19773E+08,0.0000,-0.70519E+07,-0.43544E+07,-0.10033E+08,-0.55218E+07,-0.14813E+07,-0.41508E+07,-0.68265E+07,-0.15456E+07
10469.40000000,-92429.,-0.79569E+06,-0.16253E+06,-0.12576E+07,-0.60380E+07,-0.62458E+06,-0.29454E+07,-0.23945E+07,-0.18934E+08,0.0000,-0.69117E+07,-0.42185E+07,-0.10940E+08,-0.59967E+07,-0.15631E+07,-0.48643E+07,-0.73480E+07,-0.16699E+07
10500.40000000,-94418.,-0.82877E+06,-0.16962E+06,-0.12967E+07,-0.63489E+07,-0.63860E+06,-0.31831E+07,-0.25271E+07,-0.19656E+08,0.0000,-0.75539E+07,-0.46305E+07,-0.11679E+08,-0.64939E+07,-0.15943E+07,-0.52565E+07,-0.80063E+07,-0.17560E+07
10530.40000000,-96369.,-0.85258E+06,-0.17328E+06,-0.13062E+07,-0.65660E+07,-0.64934E+06,-0.32789E+07,-0.26273E+07,-0.19394E+08,0.0000,-0.75807E+07,-0.48115E+07,-0.11969E+08,-0.63679E+07,-0.15705E+07,-0.45417E+07,-0.79188E+07,-0.18021E+07
10561.40000000,-94999.,-0.81130E+06,-0.16588E+06,-0.12539E+07,-0.63098E+07,-0.64353E+06,-0.27667E+07,-0.23536E+07,-0.15691E+08,0.0000,-0.58721E+07,-0.32960E+07,-0.11448E+08,-0.57546E+07,-0.14836E+07,-0.27616E+07,-0.70897E+07,-0.17410E+07
10591.40000000,-91998.,-0.78196E+06,-0.15828E+06,-0.11911E+07,-0.58805E+07,-0.62575E+06,-0.24411E+07,-0.21875E+07,-0.14150E+08,0.0000,-0.51006E+07,-0.21543E+07,-0.10606E+08,-0.49312E+07,-0.14170E+07,-0.16556E+07,-0.54072E+07,-0.16216E+07
10622.40000000,-89189.,-0.75578E+06,-0.15099E+06,-0.11327E+07,-0.55240E+07,-0.60939E+06,-0.21992E+07,-0.20766E+07,-0.13342E+08,0.0000,-0.46252E+07,-0.16737E+07,-0.99676E+07,-0.43021E+07,-0.13575E+07,-0.12358E+07,-0.44364E+07,-0.15153E+07
10653.40000000,-86522.,-0.73178E+06,-0.14421E+06,-0.10786E+07,-0.52279E+07,-0.59448E+06,-0.20247E+07,-0.19888E+07,-0.12847E+08,0.0000,-0.43443E+07,-0.14414E+07,-0.91734E+07,-0.38338E+07,-0.13034E+07,-0.10729E+07,-0.38493E+07,-0.14208E+07
10681.40000000,-84141.,-0.71133E+06,-0.13843E+06,-0.10325E+07,-0.49977E+07,-0.58189E+06,-0.19018E+07,-0.19177E+07,-0.12524E+08,0.0000,-0.41453E+07,-0.13315E+07,-0.86065E+07,-0.34850E+07,-0.12578E+07,-0.99891E+06,-0.34958E+07,-0.13418E+07
10712.40000000,-81677.,-0.69000E+06,-0.13317E+06,-0.98844E+06,-0.47882E+07,-0.56911E+06,-0.17906E+07,-0.18547E+07,-0.12320E+08,0.0000,-0.40810E+07,-0.12700E+07,-0.80458E+07,-0.32721E+07,-0.12114E+07,-0.10355E+07,-0.32429E+07,-0.12636E+07
10742.40000000,-83018.,-0.69803E+06,-0.14099E+06,-0.10276E+07,-0.51248E+07,-0.57634E+06,-0.20447E+07,-0.19917E+07,-0.15331E+08,0.0000,-0.50483E+07,-0.23686E+07,-0.85402E+07,-0.39701E+07,-0.12390E+07,-0.21498E+07,-0.45990E+07,-0.13153E+07
10773.40000000,-87076.,-0.74624E+06,-0.15245E+06,-0.10890E+07,-0.55838E+07,-0.59837E+06,-0.24234E+07,-0.22520E+07,-0.17574E+08,0.0000,-0.60329E+07,-0.41513E+07,-0.94674E+07,-0.48822E+07,-0.12742E+07,-0.34601E+07,-0.59792E+07,-0.14039E+07
10803.40000000,-88468.,-0.75357E+06,-0.15806E+06,-0.11479E+07,-0.57910E+07,-0.60612E+06,-0.26227E+07,-0.22659E+07,-0.18253E+08,0.0000,-0.65009E+07,-0.40659E+07,-0.10362E+08,-0.55428E+07,-0.13422E+07,-0.45343E+07,-0.71275E+07,-0.14987E+07
10834.40000000,-91594.,-0.78631E+06,-0.16651E+06,-0.12092E+07,-0.61155E+07,-0.62426E+06,-0.29616E+07,-0.24185E+07,-0.19764E+08,0.0000,-0.73507E+07,-0.49299E+07,-0.11310E+08,-0.62319E+07,-0.14080E+07,-0.54003E+07,-0.77598E+07,-0.15962E+07
10865.40000000,-92929.,-0.78870E+06,-0.17066E+06,-0.12502E+07,-0.62291E+07,-0.63089E+06,-0.30606E+07,-0.24837E+07,-0.19320E+08,0.0000,-0.73797E+07,-0.47421E+07,-0.11910E+08,-0.66468E+07,-0.14277E+07,-0.54946E+07,-0.80955E+07,-0.16497E+07
10895.40000000,-94534.,-0.79898E+06,-0.17236E+06,-0.12433E+07,-0.63067E+07,-0.63577E+06,-0.30787E+07,-0.24994E+07,-0.18440E+08,0.0000,-0.71638E+07,-0.45789E+07,-0.11937E+08,-0.65780E+07,-0.13950E+07,-0.46622E+07,-0.76564E+07,-0.16596E+07
10926.40000000,-93835.,-0.76616E+06,-0.16730E+06,-0.11959E+07,-0.61173E+07,-0.63373E+06,-0.25991E+07,-0.23005E+07,-0.15600E+08,0.0000,-0.57315E+07,-0.35023E+07,-0.11447E+08,-0.60570E+07,-0.13507E+07,-0.30369E+07,-0.69169E+07,-0.16251E+07
10956.40000000,-90902.,-0.73942E+06,-0.15914E+06,-0.11372E+07,-0.57126E+07,-0.61680E+06,-0.23049E+07,-0.21549E+07,-0.14065E+08,0.0000,-0.49611E+07,-0.22397E+07,-0.10582E+08,-0.51640E+07,-0.12921E+07,-0.17801E+07,-0.53276E+07,-0.15214E+07
10987.40000000,-88086.,-0.71527E+06,-0.15154E+06,-0.10820E+07,-0.53714E+07,-0.60109E+06,-0.20831E+07,-0.20486E+07,-0.13228E+08,0.0000,-0.45177E+07,-0.17101E+07,-0.10031E+08,-0.44727E+07,-0.12390E+07,-0.12879E+07,-0.44020E+07,-0.14247E+07
