time,RIV01,RIV02,RIV03,RIV04,RIV05,RIV06,RIV07,RIV08,RIV09,RIV10,RIV11,RIV12,RIV13
30.40000000000,-0.65547E+06,-0.12775E+08,-0.82337E+07,-0.89981E+07,-0.22694E+07,-0.19387E+08,-0.94538E+07,-0.11002E+08,-0.44153E+07,-0.41357E+07,-0.65751E+07,-0.45584E+07,-0.17908E+08
61.40000000000,-0.37223E+06,-0.11843E+08,-0.72669E+07,-0.54819E+07,-0.12912E+07,-0.17868E+08,-0.89219E+07,-0.71177E+07,-0.32965E+07,-0.37525E+07,-0.65539E+07,-0.45213E+07,-0.17901E+08
89.40000000000,5564.4,-0.10596E+08,-0.39526E+07,-0.44439E+07,-0.44139E+06,-0.16124E+08,-0.79108E+07,-0.65279E+07,-0.29598E+07,-0.36888E+07,-0.65345E+07,-0.45221E+07,-0.17905E+08
120.4000000000,0.31765E+06,-0.90053E+07,0.34725E+06,0.11350E+07,-0.13934E+06,-0.14623E+08,-0.70200E+07,-0.64279E+07,-0.27977E+07,-0.36547E+07,-0.65126E+07,-0.45242E+07,-0.17908E+08
150.4000000000,-0.20653E+06,-0.91846E+07,-0.26324E+07,-0.29823E+07,-0.13921E+07,-0.15220E+08,-0.73897E+07,-0.98457E+07,-0.32667E+07,-0.36921E+07,-0.64936E+07,-0.45357E+07,-0.17868E+08
181.4000000000,-0.10374E+07,-0.10760E+08,-0.75854E+07,-0.12343E+08,-0.28155E+07,-0.17029E+08,-0.83529E+07,-0.13928E+08,-0.42368E+07,-0.39020E+07,-0.64920E+07,-0.45420E+07,-0.17861E+08
211.4000000000,-0.15021E+07,-0.11991E+08,-0.95326E+07,-0.17744E+08,-0.32949E+07,-0.18280E+08,-0.90691E+07,-0.16023E+08,-0.44399E+07,-0.39210E+07,-0.64882E+07,-0.45384E+07,-0.17822E+08
242.4000000000,-0.17383E+07,-0.13559E+08,-0.12230E+08,-0.22171E+08,-0.41243E+07,-0.20775E+08,-0.10645E+08,-0.16535E+08,-0.46995E+07,-0.42095E+07,-0.65032E+07,-0.44784E+07,-0.17811E+08
273.4000000000,-0.14299E+07,-0.14302E+08,-0.10607E+08,-0.19672E+08,-0.37111E+07,-0.21160E+08,-0.10846E+08,-0.16355E+08,-0.44844E+07,-0.40882E+07,-0.65064E+07,-0.44353E+07,-0.17794E+08
303.4000000000,-0.10995E+07,-0.14477E+08,-0.10878E+08,-0.16412E+08,-0.28667E+07,-0.20893E+08,-0.10590E+08,-0.13487E+08,-0.42311E+07,-0.40834E+07,-0.65081E+07,-0.44870E+07,-0.17835E+08
334.4000000000,-0.10356E+07,-0.13712E+08,-0.84457E+07,-0.92185E+07,-0.23098E+07,-0.19952E+08,-0.10050E+08,-0.10853E+08,-0.33150E+07,-0.34627E+07,-0.64776E+07,-0.44677E+07,-0.17780E+08
364.4000000000,-0.33468E+06,-0.12063E+08,-0.40473E+07,-0.17128E+07,-0.13418E+07,-0.18331E+08,-0.93239E+07,-0.74828E+07,-0.28437E+07,-0.35057E+07,-0.64584E+07,-0.44692E+07,-0.17820E+08
395.4000000000,-0.44417E+06,-0.11452E+08,-0.62220E+07,-0.33586E+07,-0.10351E+07,-0.16912E+08,-0.87198E+07,-0.67628E+07,-0.28894E+07,-0.35103E+07,-0.64399E+07,-0.44974E+07,-0.17855E+08
426.4000000000,-0.38699E+06,-0.10787E+08,-0.62051E+07,-0.38024E+07,-0.86113E+06,-0.15773E+08,-0.81987E+07,-0.63999E+07,-0.28253E+07,-0.35008E+07,-0.64210E+07,-0.45139E+07,-0.17874E+08
454.4000000000,-0.29862E+06,-0.10131E+08,-0.54823E+07,-0.32886E+07,-0.68784E+06,-0.14800E+08,-0.77200E+07,-0.61695E+07,-0.27590E+07,-0.34863E+07,-0.64033E+07,-0.45195E+07,-0.17883E+08
485.4000000000,-0.25095E+06,-0.95214E+07,-0.51191E+07,-0.31840E+07,-0.54081E+06,-0.13906E+08,-0.72194E+07,-0.60464E+07,-0.27131E+07,-0.34639E+07,-0.63830E+07,-0.45179E+07,-0.17884E+08
515.4000000000,-0.72076E+06,-0.96819E+07,-0.48385E+07,-0.34195E+07,-0.18036E+07,-0.14693E+08,-0.75193E+07,-0.94354E+07,-0.31031E+07,-0.32651E+07,-0.63504E+07,-0.44719E+07,-0.17723E+08
546.4000000000,-0.96566E+06,-0.10910E+08,-0.74282E+07,-0.98772E+07,-0.31052E+07,-0.16392E+08,-0.83847E+07,-0.13393E+08,-0.38749E+07,-0.35193E+07,-0.63418E+07,-0.45179E+07,-0.17765E+08
576.4000000000,-0.12269E+07,-0.11698E+08,-0.83949E+07,-0.12564E+08,-0.35727E+07,-0.17963E+08,-0.92367E+07,-0.14226E+08,-0.39461E+07,-0.35187E+07,-0.63341E+07,-0.45424E+07,-0.17730E+08
607.4000000000,-0.12967E+07,-0.12403E+08,-0.83099E+07,-0.13783E+08,-0.35054E+07,-0.18938E+08,-0.97547E+07,-0.15716E+08,-0.39838E+07,-0.35594E+07,-0.63288E+07,-0.44726E+07,-0.17731E+08
638.4000000000,-0.12954E+07,-0.12956E+08,-0.83529E+07,-0.14120E+08,-0.32042E+07,-0.19462E+08,-0.10046E+08,-0.14806E+08,-0.39041E+07,-0.34143E+07,-0.63130E+07,-0.44173E+07,-0.17690E+08
668.4000000000,-0.11451E+07,-0.13341E+08,-0.82208E+07,-0.11754E+08,-0.28353E+07,-0.19289E+08,-0.98820E+07,-0.13362E+08,-0.35633E+07,-0.32112E+07,-0.62930E+07,-0.43938E+07,-0.17696E+08
699.4000000000,-0.82654E+06,-0.12730E+08,-0.70338E+07,-0.60633E+07,-0.18779E+07,-0.17973E+08,-0.91992E+07,-0.96668E+07,-0.29737E+07,-0.30696E+07,-0.62673E+07,-0.43852E+07,-0.17686E+08
729.4000000000,-0.44054E+06,-0.11683E+08,-0.60109E+07,-0.36693E+07,-0.10945E+07,-0.16537E+08,-0.85236E+07,-0.70704E+07,-0.26058E+07,-0.31740E+07,-0.62522E+07,-0.44092E+07,-0.17745E+08
760.4000000000,-0.32315E+06,-0.10768E+08,-0.52760E+07,-0.29911E+07,-0.87036E+06,-0.15534E+08,-0.80156E+07,-0.65016E+07,-0.25413E+07,-0.32096E+07,-0.62379E+07,-0.44478E+07,-0.17790E+08
791.4000000000,-0.27476E+06,-0.10024E+08,-0.50716E+07,-0.31469E+07,-0.79639E+06,-0.14790E+08,-0.76309E+07,-0.62035E+07,-0.25099E+07,-0.32208E+07,-0.62232E+07,-0.44700E+07,-0.17814E+08
820.4000000000,-0.25438E+06,-0.94169E+07,-0.48404E+07,-0.26419E+07,-0.66372E+06,-0.13883E+08,-0.71730E+07,-0.59858E+07,-0.24858E+07,-0.32204E+07,-0.62087E+07,-0.44787E+07,-0.17826E+08
851.4000000000,-0.24624E+06,-0.88643E+07,-0.45710E+07,-0.23228E+07,-0.61165E+06,-0.13093E+08,-0.68079E+07,-0.58647E+07,-0.24688E+07,-0.32140E+07,-0.61925E+07,-0.44800E+07,-0.17831E+08
881.4000000000,-0.64133E+06,-0.94182E+07,-0.45493E+07,-0.21522E+06,-0.15810E+07,-0.13647E+08,-0.70089E+07,-0.94156E+07,-0.31495E+07,-0.32790E+07,-0.61780E+07,-0.45055E+07,-0.17827E+08
912.4000000000,-0.98273E+06,-0.10428E+08,-0.64092E+07,-0.59322E+07,-0.27995E+07,-0.15413E+08,-0.78739E+07,-0.12839E+08,-0.35335E+07,-0.32159E+07,-0.61635E+07,-0.44766E+07,-0.17747E+08
942.4000000000,-0.12150E+07,-0.11216E+08,-0.78376E+07,-0.98700E+07,-0.33158E+07,-0.16970E+08,-0.87494E+07,-0.13986E+08,-0.35783E+07,-0.31990E+07,-0.61518E+07,-0.44370E+07,-0.17682E+08
973.4000000000,-0.13128E+07,-0.11635E+08,-0.75870E+07,-0.10804E+08,-0.31158E+07,-0.18008E+08,-0.93278E+07,-0.13555E+08,-0.34732E+07,-0.31897E+07,-0.61406E+07,-0.43831E+07,-0.17670E+08
1004.400000000,-0.12485E+07,-0.12118E+08,-0.76881E+07,-0.11248E+08,-0.27662E+07,-0.18288E+08,-0.95042E+07,-0.12708E+08,-0.34757E+07,-0.31577E+07,-0.61282E+07,-0.43388E+07,-0.17663E+08
1034.400000000,-0.10428E+07,-0.12347E+08,-0.76971E+07,-0.84077E+07,-0.23021E+07,-0.17918E+08,-0.93025E+07,-0.10975E+08,-0.32377E+07,-0.30577E+07,-0.61157E+07,-0.43520E+07,-0.17691E+08
1065.400000000,-0.83272E+06,-0.11850E+08,-0.63603E+07,-0.36843E+07,-0.16868E+07,-0.16740E+08,-0.86436E+07,-0.89126E+07,-0.26176E+07,-0.28269E+07,-0.60898E+07,-0.43427E+07,-0.17650E+08
1095.400000000,-0.38106E+06,-0.10861E+08,-0.52536E+07,-0.31323E+07,-0.89873E+06,-0.15637E+08,-0.80134E+07,-0.66785E+07,-0.23492E+07,-0.29606E+07,-0.60768E+07,-0.43662E+07,-0.17702E+08
1126.400000000,-0.29933E+06,-0.10054E+08,-0.47850E+07,-0.26564E+07,-0.85762E+06,-0.14980E+08,-0.76316E+07,-0.62321E+07,-0.23347E+07,-0.30043E+07,-0.60648E+07,-0.44056E+07,-0.17744E+08
1157.400000000,-0.26232E+06,-0.93635E+07,-0.44693E+07,-0.25090E+07,-0.74913E+06,-0.14192E+08,-0.72141E+07,-0.59662E+07,-0.23183E+07,-0.30208E+07,-0.60524E+07,-0.44282E+07,-0.17766E+08
1185.400000000,-0.26213E+06,-0.88307E+07,-0.43077E+07,-0.21034E+07,-0.51974E+06,-0.13257E+08,-0.67390E+07,-0.57906E+07,-0.23097E+07,-0.30250E+07,-0.60407E+07,-0.44370E+07,-0.17776E+08
1216.400000000,-0.18660E+06,-0.82734E+07,-0.40326E+07,-0.21464E+07,-0.21306E+06,-0.12282E+08,-0.60989E+07,-0.57335E+07,-0.22688E+07,-0.30233E+07,-0.60269E+07,-0.44383E+07,-0.17781E+08
1246.400000000,-81033.,-0.77534E+07,-0.10845E+07,0.46570E+07,-0.95368E+06,-0.12504E+08,-0.60854E+07,-0.88374E+07,-0.24426E+07,-0.30949E+07,-0.60166E+07,-0.44447E+07,-0.17762E+08
1277.400000000,-0.10515E+07,-0.93024E+07,-0.62984E+07,-0.80850E+07,-0.27303E+07,-0.14610E+08,-0.70964E+07,-0.14270E+08,-0.34142E+07,-0.32124E+07,-0.60147E+07,-0.44321E+07,-0.17740E+08
1307.400000000,-0.13344E+07,-0.10300E+08,-0.79845E+07,-0.13027E+08,-0.33294E+07,-0.16465E+08,-0.81455E+07,-0.15631E+08,-0.34922E+07,-0.32483E+07,-0.60160E+07,-0.44244E+07,-0.17706E+08
1338.400000000,-0.12801E+07,-0.10940E+08,-0.80255E+07,-0.14516E+08,-0.37532E+07,-0.18246E+08,-0.91882E+07,-0.16087E+08,-0.36299E+07,-0.34751E+07,-0.60312E+07,-0.43500E+07,-0.17682E+08
1369.400000000,-0.10933E+07,-0.11779E+08,-0.80838E+07,-0.15419E+08,-0.34567E+07,-0.18890E+08,-0.95003E+07,-0.15694E+08,-0.38107E+07,-0.35825E+07,-0.60445E+07,-0.43269E+07,-0.17680E+08
1399.400000000,-0.97111E+06,-0.12216E+08,-0.80590E+07,-0.12836E+08,-0.30815E+07,-0.19137E+08,-0.95455E+07,-0.13943E+08,-0.35087E+07,-0.33076E+07,-0.60449E+07,-0.43459E+07,-0.17685E+08
1430.400000000,-0.62169E+06,-0.11487E+08,-0.68365E+07,-0.78095E+07,-0.19860E+07,-0.18072E+08,-0.89716E+07,-0.98494E+07,-0.25550E+07,-0.29064E+07,-0.60237E+07,-0.43715E+07,-0.17633E+08
1460.400000000,-0.37982E+06,-0.10591E+08,-0.56756E+07,-0.36961E+07,-0.11506E+07,-0.16531E+08,-0.82301E+07,-0.71016E+07,-0.24021E+07,-0.29666E+07,-0.60120E+07,-0.43649E+07,-0.17676E+08
1491.400000000,-0.30349E+06,-0.97914E+07,-0.49241E+07,-0.19837E+07,-0.94080E+06,-0.15293E+08,-0.77003E+07,-0.64788E+07,-0.23728E+07,-0.29858E+07,-0.60012E+07,-0.43990E+07,-0.17719E+08
1522.400000000,-0.25802E+06,-0.91214E+07,-0.45943E+07,-0.20758E+07,-0.76995E+06,-0.14222E+08,-0.71969E+07,-0.61454E+07,-0.23466E+07,-0.29899E+07,-0.59900E+07,-0.44214E+07,-0.17742E+08
1550.400000000,-0.22576E+06,-0.86015E+07,-0.44405E+07,-0.20836E+07,-0.70931E+06,-0.13582E+08,-0.69063E+07,-0.59390E+07,-0.23224E+07,-0.29873E+07,-0.59793E+07,-0.44308E+07,-0.17753E+08
1581.400000000,-0.28760E+06,-0.81935E+07,-0.44206E+07,-0.20148E+07,-0.56377E+06,-0.12910E+08,-0.66218E+07,-0.58209E+07,-0.23627E+07,-0.29848E+07,-0.59668E+07,-0.44336E+07,-0.17758E+08
1611.400000000,-0.68664E+06,-0.88238E+07,-0.54881E+07,-0.45082E+07,-0.19226E+07,-0.13990E+08,-0.69748E+07,-0.10350E+08,-0.32789E+07,-0.33164E+07,-0.59700E+07,-0.44835E+07,-0.17781E+08
1642.400000000,-0.81499E+06,-0.99590E+07,-0.76395E+07,-0.10307E+08,-0.27307E+07,-0.15656E+08,-0.77440E+07,-0.12280E+08,-0.35754E+07,-0.32322E+07,-0.59650E+07,-0.44652E+07,-0.17734E+08
1672.400000000,-0.11014E+07,-0.10859E+08,-0.78308E+07,-0.11670E+08,-0.28566E+07,-0.16350E+08,-0.80582E+07,-0.13175E+08,-0.34977E+07,-0.29385E+07,-0.59455E+07,-0.43999E+07,-0.17572E+08
1703.400000000,-0.11801E+07,-0.11663E+08,-0.80176E+07,-0.12878E+08,-0.36175E+07,-0.18251E+08,-0.91799E+07,-0.14512E+08,-0.36196E+07,-0.30883E+07,-0.59433E+07,-0.43548E+07,-0.17587E+08
1734.400000000,-0.10265E+07,-0.12281E+08,-0.81448E+07,-0.14086E+08,-0.32490E+07,-0.18574E+08,-0.93478E+07,-0.14080E+08,-0.36671E+07,-0.31718E+07,-0.59441E+07,-0.43360E+07,-0.17613E+08
1764.400000000,-0.89223E+06,-0.12468E+08,-0.78895E+07,-0.11591E+08,-0.28332E+07,-0.18414E+08,-0.92026E+07,-0.12539E+08,-0.33304E+07,-0.29796E+07,-0.59353E+07,-0.42932E+07,-0.17573E+08
1795.400000000,-0.54155E+06,-0.11814E+08,-0.68667E+07,-0.63687E+07,-0.19471E+07,-0.17321E+08,-0.86198E+07,-0.94750E+07,-0.27158E+07,-0.27359E+07,-0.59143E+07,-0.42918E+07,-0.17523E+08
1825.400000000,-0.32746E+06,-0.10833E+08,-0.55967E+07,-0.28857E+07,-0.11084E+07,-0.15889E+08,-0.79489E+07,-0.68813E+07,-0.24033E+07,-0.28320E+07,-0.59044E+07,-0.43211E+07,-0.17599E+08
1856.400000000,-0.27211E+06,-0.99946E+07,-0.49432E+07,-0.21759E+07,-0.91629E+06,-0.14833E+08,-0.74691E+07,-0.63073E+07,-0.23408E+07,-0.28657E+07,-0.58956E+07,-0.43682E+07,-0.17657E+08
1887.400000000,-0.27545E+06,-0.93017E+07,-0.46081E+07,-0.21196E+07,-0.64192E+06,-0.13622E+08,-0.68373E+07,-0.59995E+07,-0.23213E+07,-0.28786E+07,-0.58864E+07,-0.43961E+07,-0.17688E+08
1915.400000000,-0.20061E+06,-0.87426E+07,-0.44990E+07,-0.18777E+07,-0.66237E+06,-0.13030E+08,-0.65962E+07,-0.58316E+07,-0.22729E+07,-0.28819E+07,-0.58773E+07,-0.44080E+07,-0.17702E+08
1946.400000000,-0.23169E+06,-0.82361E+07,-0.43310E+07,-0.21589E+07,-0.64784E+06,-0.12532E+08,-0.63676E+07,-0.56899E+07,-0.22736E+07,-0.28805E+07,-0.58664E+07,-0.44109E+07,-0.17709E+08
1976.400000000,-0.57648E+06,-0.86357E+07,-0.47866E+07,-0.10017E+07,-0.18364E+07,-0.13548E+08,-0.67661E+07,-0.93300E+07,-0.29673E+07,-0.29309E+07,-0.58561E+07,-0.44348E+07,-0.17709E+08
2007.400000000,-0.83219E+06,-0.98650E+07,-0.74895E+07,-0.70872E+07,-0.25475E+07,-0.14704E+08,-0.71853E+07,-0.11814E+08,-0.35019E+07,-0.29581E+07,-0.58501E+07,-0.44452E+07,-0.17663E+08
2037.400000000,-0.10849E+07,-0.10900E+08,-0.75857E+07,-0.10613E+08,-0.32428E+07,-0.16082E+08,-0.78293E+07,-0.13474E+08,-0.36312E+07,-0.29361E+07,-0.58448E+07,-0.44105E+07,-0.17590E+08
2068.400000000,-0.11953E+07,-0.11430E+08,-0.70524E+07,-0.12362E+08,-0.31168E+07,-0.16990E+08,-0.83966E+07,-0.13547E+08,-0.34473E+07,-0.28324E+07,-0.58330E+07,-0.43187E+07,-0.17504E+08
2099.400000000,-0.11629E+07,-0.11939E+08,-0.67521E+07,-0.12934E+08,-0.30291E+07,-0.17778E+08,-0.89182E+07,-0.12600E+08,-0.33477E+07,-0.27030E+07,-0.58187E+07,-0.42582E+07,-0.17469E+08
2129.400000000,-0.10169E+07,-0.12299E+08,-0.65509E+07,-0.10961E+08,-0.24965E+07,-0.17452E+08,-0.88121E+07,-0.11229E+08,-0.33075E+07,-0.27821E+07,-0.58145E+07,-0.42726E+07,-0.17490E+08
2160.400000000,-0.85608E+06,-0.12242E+08,-0.59883E+07,-0.54356E+07,-0.19142E+07,-0.16682E+08,-0.83554E+07,-0.94423E+07,-0.28909E+07,-0.25762E+07,-0.57963E+07,-0.42606E+07,-0.17465E+08
2190.400000000,-0.41519E+06,-0.11182E+08,-0.51318E+07,-0.29717E+07,-0.94592E+06,-0.15294E+08,-0.76168E+07,-0.67301E+07,-0.23147E+07,-0.26875E+07,-0.57883E+07,-0.42829E+07,-0.17544E+08
2221.400000000,-0.32236E+06,-0.10284E+08,-0.45811E+07,-0.22484E+07,-0.77741E+06,-0.14301E+08,-0.71184E+07,-0.62043E+07,-0.22370E+07,-0.27314E+07,-0.57814E+07,-0.43292E+07,-0.17603E+08
2252.400000000,-0.26771E+06,-0.95264E+07,-0.43535E+07,-0.19088E+07,-0.63347E+06,-0.13218E+08,-0.65750E+07,-0.59278E+07,-0.22044E+07,-0.27520E+07,-0.57740E+07,-0.43577E+07,-0.17634E+08
2281.400000000,-0.23044E+06,-0.89139E+07,-0.41898E+07,-0.20855E+07,-0.60341E+06,-0.12645E+08,-0.63187E+07,-0.57552E+07,-0.21816E+07,-0.27608E+07,-0.57663E+07,-0.43705E+07,-0.17649E+08
2312.400000000,-0.26021E+06,-0.84191E+07,-0.42757E+07,-0.20881E+07,-0.55015E+06,-0.11882E+08,-0.59417E+07,-0.56480E+07,-0.21892E+07,-0.27622E+07,-0.57571E+07,-0.43740E+07,-0.17655E+08
2342.400000000,-0.65758E+06,-0.87375E+07,-0.36146E+07,0.12870E+07,-0.18675E+07,-0.13044E+08,-0.65151E+07,-0.95756E+07,-0.28037E+07,-0.26856E+07,-0.57411E+07,-0.43627E+07,-0.17553E+08
2373.400000000,-0.93973E+06,-0.94486E+07,-0.46355E+07,-0.35959E+07,-0.28553E+07,-0.14544E+08,-0.72448E+07,-0.12353E+08,-0.30373E+07,-0.26181E+07,-0.57209E+07,-0.42758E+07,-0.17374E+08
2403.400000000,-0.86104E+06,-0.97864E+07,-0.60923E+07,-0.85163E+07,-0.28725E+07,-0.15616E+08,-0.78861E+07,-0.11937E+08,-0.29312E+07,-0.25706E+07,-0.57080E+07,-0.43105E+07,-0.17402E+08
2434.400000000,-0.78076E+06,-0.99063E+07,-0.56772E+07,-0.94909E+07,-0.24841E+07,-0.15935E+08,-0.81276E+07,-0.11238E+08,-0.27920E+07,-0.25133E+07,-0.56936E+07,-0.42405E+07,-0.17373E+08
2465.400000000,-0.87655E+06,-0.10082E+08,-0.49540E+07,-0.36587E+07,-0.18919E+07,-0.15468E+08,-0.78509E+07,-0.83516E+07,-0.25067E+07,-0.20930E+07,-0.56577E+07,-0.41314E+07,-0.17220E+08
2495.400000000,-0.81865E+06,-0.10259E+08,-0.52736E+07,-0.81704E+06,-0.16698E+07,-0.14975E+08,-0.76940E+07,-0.84961E+07,-0.25231E+07,-0.22206E+07,-0.56363E+07,-0.41304E+07,-0.17253E+08
2526.400000000,-0.63812E+06,-0.10249E+08,-0.54703E+07,-0.14425E+07,-0.15152E+07,-0.14348E+08,-0.73089E+07,-0.83224E+07,-0.24127E+07,-0.23678E+07,-0.56270E+07,-0.41924E+07,-0.17379E+08
2556.400000000,-0.31118E+06,-0.94428E+07,-0.45501E+07,-0.19588E+07,-0.81826E+06,-0.13299E+08,-0.67478E+07,-0.61526E+07,-0.20105E+07,-0.24845E+07,-0.56223E+07,-0.42312E+07,-0.17470E+08
2587.400000000,-0.24622E+06,-0.87641E+07,-0.40158E+07,-0.21821E+07,-0.61241E+06,-0.12610E+08,-0.63148E+07,-0.57637E+07,-0.19707E+07,-0.25391E+07,-0.56177E+07,-0.42712E+07,-0.17524E+08
2618.400000000,-0.20238E+06,-0.81840E+07,-0.37916E+07,-0.22135E+07,-0.56270E+06,-0.12173E+08,-0.60295E+07,-0.55888E+07,-0.19590E+07,-0.25689E+07,-0.56123E+07,-0.42939E+07,-0.17552E+08
2646.400000000,-0.19755E+06,-0.77381E+07,-0.36975E+07,-0.20645E+07,-0.57550E+06,-0.11818E+08,-0.58309E+07,-0.54648E+07,-0.19625E+07,-0.25845E+07,-0.56067E+07,-0.43034E+07,-0.17565E+08
2677.400000000,-0.12034E+06,-0.72407E+07,-0.33365E+07,-0.17428E+07,-0.10409E+06,-0.10866E+08,-0.51986E+07,-0.53785E+07,-0.19373E+07,-0.25954E+07,-0.55996E+07,-0.43063E+07,-0.17572E+08
2707.400000000,-76151.,-0.70265E+07,-0.37410E+07,0.31026E+06,-0.68138E+06,-0.11056E+08,-0.51848E+07,-0.71851E+07,-0.21842E+07,-0.27128E+07,-0.55990E+07,-0.43497E+07,-0.17585E+08
2738.400000000,-0.32793E+06,-0.72007E+07,-0.17941E+07,0.16018E+07,-0.19519E+07,-0.12255E+08,-0.55661E+07,-0.11616E+08,-0.28787E+07,-0.27664E+07,-0.55975E+07,-0.43540E+07,-0.17549E+08
2768.400000000,-0.11603E+07,-0.91224E+07,-0.83812E+07,-0.11320E+08,-0.25541E+07,-0.13797E+08,-0.63207E+07,-0.12819E+08,-0.37200E+07,-0.30661E+07,-0.56183E+07,-0.43567E+07,-0.17539E+08
2799.400000000,-0.12023E+07,-0.10110E+08,-0.73992E+07,-0.13070E+08,-0.36361E+07,-0.16481E+08,-0.79232E+07,-0.14312E+08,-0.37436E+07,-0.31532E+07,-0.56393E+07,-0.43026E+07,-0.17511E+08
2830.400000000,-0.11314E+07,-0.10911E+08,-0.72097E+07,-0.12464E+08,-0.34189E+07,-0.17332E+08,-0.84007E+07,-0.14618E+08,-0.36548E+07,-0.30252E+07,-0.56495E+07,-0.42645E+07,-0.17477E+08
2860.400000000,-0.10829E+07,-0.11233E+08,-0.67901E+07,-0.11355E+08,-0.33145E+07,-0.18028E+08,-0.87635E+07,-0.13641E+08,-0.33233E+07,-0.27183E+07,-0.56412E+07,-0.42133E+07,-0.17429E+08
2891.400000000,-0.74624E+06,-0.10912E+08,-0.57487E+07,-0.63921E+07,-0.23682E+07,-0.17085E+08,-0.82493E+07,-0.10381E+08,-0.27309E+07,-0.25354E+07,-0.56260E+07,-0.41928E+07,-0.17408E+08
2921.400000000,-0.42397E+06,-0.10005E+08,-0.47498E+07,-0.15500E+07,-0.12749E+07,-0.15559E+08,-0.75909E+07,-0.69250E+07,-0.22858E+07,-0.25922E+07,-0.56198E+07,-0.42221E+07,-0.17466E+08
2952.400000000,-0.30125E+06,-0.92066E+07,-0.41094E+07,-0.59264E+06,-0.89948E+06,-0.14341E+08,-0.70024E+07,-0.62306E+07,-0.21965E+07,-0.26214E+07,-0.56147E+07,-0.42649E+07,-0.17510E+08
2983.400000000,-0.25270E+06,-0.85530E+07,-0.38529E+07,-0.91559E+06,-0.77187E+06,-0.13489E+08,-0.65800E+07,-0.59143E+07,-0.21663E+07,-0.26357E+07,-0.56092E+07,-0.42909E+07,-0.17534E+08
3011.400000000,-0.21861E+06,-0.80559E+07,-0.38043E+07,-0.10505E+07,-0.70089E+06,-0.12894E+08,-0.62828E+07,-0.57120E+07,-0.21424E+07,-0.26414E+07,-0.56035E+07,-0.43024E+07,-0.17545E+08
3042.400000000,-0.23527E+06,-0.76148E+07,-0.37744E+07,-0.53392E+06,-0.54786E+06,-0.11915E+08,-0.58102E+07,-0.55931E+07,-0.21457E+07,-0.26461E+07,-0.55966E+07,-0.43067E+07,-0.17551E+08
3072.400000000,-0.63044E+06,-0.81054E+07,-0.38804E+07,-0.16098E+07,-0.20405E+07,-0.12982E+08,-0.63553E+07,-0.99328E+07,-0.29694E+07,-0.28810E+07,-0.56022E+07,-0.43358E+07,-0.17544E+08
3103.400000000,-0.83576E+06,-0.93537E+07,-0.63630E+07,-0.70737E+07,-0.30010E+07,-0.14627E+08,-0.70736E+07,-0.12407E+08,-0.34410E+07,-0.28745E+07,-0.56026E+07,-0.43180E+07,-0.17475E+08
3133.400000000,-0.11163E+07,-0.10176E+08,-0.64613E+07,-0.96347E+07,-0.38703E+07,-0.16654E+08,-0.80857E+07,-0.13778E+08,-0.34836E+07,-0.29014E+07,-0.56063E+07,-0.42777E+07,-0.17429E+08
3164.400000000,-0.11498E+07,-0.10730E+08,-0.55648E+07,-0.10179E+08,-0.36314E+07,-0.17405E+08,-0.82922E+07,-0.14844E+08,-0.34584E+07,-0.28028E+07,-0.56077E+07,-0.42274E+07,-0.17341E+08
3195.400000000,-0.12226E+07,-0.11417E+08,-0.58564E+07,-0.11290E+08,-0.38835E+07,-0.18727E+08,-0.89123E+07,-0.15300E+08,-0.34519E+07,-0.25783E+07,-0.55953E+07,-0.41691E+07,-0.17288E+08
3225.400000000,-0.11631E+07,-0.11853E+08,-0.60835E+07,-0.62513E+07,-0.32882E+07,-0.19016E+08,-0.90708E+07,-0.12878E+08,-0.31469E+07,-0.23154E+07,-0.55731E+07,-0.41176E+07,-0.17196E+08
3256.400000000,-0.79121E+06,-0.11643E+08,-0.53170E+07,-0.25107E+07,-0.21560E+07,-0.17654E+08,-0.82793E+07,-0.94895E+07,-0.27362E+07,-0.23745E+07,-0.55591E+07,-0.41309E+07,-0.17247E+08
3286.400000000,-0.40394E+06,-0.10660E+08,-0.44864E+07,-0.16907E+07,-0.11687E+07,-0.16177E+08,-0.75781E+07,-0.68641E+07,-0.22146E+07,-0.24913E+07,-0.55541E+07,-0.41715E+07,-0.17354E+08
3317.400000000,-0.28633E+06,-0.97615E+07,-0.38160E+07,-0.13526E+07,-0.91850E+06,-0.15150E+08,-0.70887E+07,-0.62905E+07,-0.21318E+07,-0.25427E+07,-0.55501E+07,-0.42216E+07,-0.17424E+08
3348.400000000,-0.23767E+06,-0.90667E+07,-0.38820E+07,-0.20876E+07,-0.63533E+06,-0.14101E+08,-0.65110E+07,-0.59961E+07,-0.21084E+07,-0.25697E+07,-0.55455E+07,-0.42518E+07,-0.17460E+08
3376.400000000,-0.21644E+06,-0.84788E+07,-0.35210E+07,-0.11018E+07,-0.49362E+06,-0.13083E+08,-0.59618E+07,-0.58306E+07,-0.20959E+07,-0.25833E+07,-0.55406E+07,-0.42657E+07,-0.17477E+08
3407.400000000,-0.22165E+06,-0.79770E+07,-0.36180E+07,-0.19140E+07,-0.28702E+06,-0.12285E+08,-0.55284E+07,-0.57368E+07,-0.20937E+07,-0.25908E+07,-0.55342E+07,-0.42713E+07,-0.17485E+08
3437.400000000,-0.31768E+06,-0.77871E+07,-0.23440E+07,0.22379E+07,-0.80730E+06,-0.12162E+08,-0.53694E+07,-0.75648E+07,-0.24071E+07,-0.26006E+07,-0.55256E+07,-0.42959E+07,-0.17465E+08
3468.400000000,-0.36234E+06,-0.83386E+07,-0.26781E+07,-0.38599E+06,-0.17507E+07,-0.13042E+08,-0.55433E+07,-0.11126E+08,-0.31329E+07,-0.27815E+07,-0.55277E+07,-0.43283E+07,-0.17485E+08
3498.400000000,-0.11457E+07,-0.10012E+08,-0.74112E+07,-0.11422E+08,-0.28638E+07,-0.14914E+08,-0.63749E+07,-0.13443E+08,-0.38863E+07,-0.31302E+07,-0.55512E+07,-0.43287E+07,-0.17474E+08
3529.400000000,-0.11990E+07,-0.10968E+08,-0.72788E+07,-0.12839E+08,-0.39281E+07,-0.17742E+08,-0.80499E+07,-0.14874E+08,-0.37779E+07,-0.31710E+07,-0.55727E+07,-0.42954E+07,-0.17449E+08
3560.400000000,-0.14176E+07,-0.11977E+08,-0.80451E+07,-0.12518E+08,-0.39520E+07,-0.19371E+08,-0.90803E+07,-0.14725E+08,-0.37799E+07,-0.30074E+07,-0.55803E+07,-0.42330E+07,-0.17413E+08
3590.400000000,-0.12133E+07,-0.12391E+08,-0.71574E+07,-0.10156E+08,-0.34829E+07,-0.19457E+08,-0.91427E+07,-0.14048E+08,-0.34415E+07,-0.27429E+07,-0.55777E+07,-0.42006E+07,-0.17389E+08
3621.400000000,-0.91204E+06,-0.12056E+08,-0.61271E+07,-0.57315E+07,-0.25564E+07,-0.18319E+08,-0.85290E+07,-0.11231E+08,-0.29381E+07,-0.25268E+07,-0.55624E+07,-0.41783E+07,-0.17322E+08
3651.400000000,-0.49139E+06,-0.11026E+08,-0.51369E+07,-0.20447E+07,-0.12350E+07,-0.16420E+08,-0.75997E+07,-0.72310E+07,-0.23952E+07,-0.25912E+07,-0.55568E+07,-0.41980E+07,-0.17379E+08
3682.400000000,-0.20326E+06,-0.98395E+07,-0.31395E+07,0.65432E+06,-0.53231E+06,-0.14675E+08,-0.65835E+07,-0.65055E+07,-0.22367E+07,-0.26211E+07,-0.55523E+07,-0.42400E+07,-0.17426E+08
3713.400000000,-0.19493E+06,-0.90485E+07,-0.32076E+07,-0.53522E+06,-0.64095E+06,-0.14138E+08,-0.63910E+07,-0.62506E+07,-0.22304E+07,-0.26355E+07,-0.55475E+07,-0.42664E+07,-0.17452E+08
3742.400000000,0.20867E+06,-0.77207E+07,0.36628E+06,0.60428E+07,-0.29337E+06,-0.12954E+08,-0.57563E+07,-0.60263E+07,-0.20593E+07,-0.26415E+07,-0.55422E+07,-0.42787E+07,-0.17465E+08
3773.400000000,0.18325E+06,-0.68405E+07,0.53674E+06,0.69647E+07,-0.32410E+06,-0.12333E+08,-0.54977E+07,-0.59348E+07,-0.20905E+07,-0.26435E+07,-0.55358E+07,-0.42823E+07,-0.17469E+08
3803.400000000,-0.38182E+06,-0.73794E+07,-0.34490E+07,-0.13953E+07,-0.94764E+06,-0.12202E+08,-0.54061E+07,-0.87377E+07,-0.26910E+07,-0.28113E+07,-0.55319E+07,-0.42968E+07,-0.17429E+08
3834.400000000,-0.89779E+06,-0.87939E+07,-0.65711E+07,-0.72826E+07,-0.21354E+07,-0.13712E+08,-0.59542E+07,-0.12565E+08,-0.35604E+07,-0.29428E+07,-0.55353E+07,-0.43150E+07,-0.17434E+08
3864.400000000,-0.12005E+07,-0.98344E+07,-0.70023E+07,-0.93345E+07,-0.28945E+07,-0.15330E+08,-0.67794E+07,-0.13857E+08,-0.37215E+07,-0.31976E+07,-0.55572E+07,-0.42789E+07,-0.17411E+08
3895.400000000,-0.16386E+07,-0.11350E+08,-0.93061E+07,-0.13346E+08,-0.39007E+07,-0.17917E+08,-0.85391E+07,-0.14854E+08,-0.39230E+07,-0.32004E+07,-0.55798E+07,-0.42272E+07,-0.17391E+08
3926.400000000,-0.13409E+07,-0.12127E+08,-0.76202E+07,-0.11517E+08,-0.37588E+07,-0.18970E+08,-0.91952E+07,-0.14830E+08,-0.38472E+07,-0.31249E+07,-0.55911E+07,-0.41928E+07,-0.17377E+08
3956.400000000,-0.11914E+07,-0.12672E+08,-0.81202E+07,-0.11240E+08,-0.33220E+07,-0.19402E+08,-0.94865E+07,-0.13425E+08,-0.35932E+07,-0.29254E+07,-0.55978E+07,-0.42107E+07,-0.17385E+08
3987.400000000,-0.93807E+06,-0.12611E+08,-0.73742E+07,-0.70538E+07,-0.24061E+07,-0.18313E+08,-0.88564E+07,-0.10551E+08,-0.31819E+07,-0.27817E+07,-0.55928E+07,-0.42364E+07,-0.17391E+08
4017.400000000,-0.50376E+06,-0.11499E+08,-0.60490E+07,-0.33707E+07,-0.11113E+07,-0.16374E+08,-0.77923E+07,-0.71471E+07,-0.25427E+07,-0.27272E+07,-0.55874E+07,-0.42505E+07,-0.17414E+08
4048.400000000,-0.26872E+06,-0.10374E+08,-0.43238E+07,-0.26672E+07,-0.54648E+06,-0.15262E+08,-0.70278E+07,-0.65298E+07,-0.23838E+07,-0.27243E+07,-0.55819E+07,-0.42790E+07,-0.17437E+08
4079.400000000,0.44228E+06,-0.83320E+07,0.19825E+07,0.66973E+07,-0.14595E+06,-0.14009E+08,-0.61879E+07,-0.63015E+07,-0.20988E+07,-0.27234E+07,-0.55758E+07,-0.42952E+07,-0.17451E+08
4107.400000000,0.13442E+06,-0.76367E+07,0.24220E+06,0.65488E+07,-0.36927E+06,-0.13375E+08,-0.58983E+07,-0.62030E+07,-0.22592E+07,-0.27205E+07,-0.55696E+07,-0.43011E+07,-0.17457E+08
4138.400000000,-0.10359E+06,-0.71813E+07,-0.15093E+07,0.39395E+07,-0.37965E+06,-0.12595E+08,-0.56302E+07,-0.61408E+07,-0.23191E+07,-0.27206E+07,-0.55623E+07,-0.43018E+07,-0.17459E+08
4168.400000000,-0.45700E+06,-0.77797E+07,-0.46259E+07,-0.36690E+07,-0.16398E+07,-0.13397E+08,-0.60646E+07,-0.10359E+08,-0.30798E+07,-0.30757E+07,-0.55763E+07,-0.43405E+07,-0.17471E+08
4199.400000000,-0.10110E+07,-0.91497E+07,-0.74362E+07,-0.81291E+07,-0.20524E+07,-0.13923E+08,-0.63833E+07,-0.12708E+08,-0.37762E+07,-0.31500E+07,-0.55929E+07,-0.43453E+07,-0.17449E+08
4229.400000000,-0.12813E+07,-0.10439E+08,-0.84259E+07,-0.10959E+08,-0.29031E+07,-0.15413E+08,-0.72834E+07,-0.14237E+08,-0.40289E+07,-0.33279E+07,-0.56144E+07,-0.43378E+07,-0.17421E+08
4260.400000000,-0.16414E+07,-0.11895E+08,-0.10633E+08,-0.15704E+08,-0.40535E+07,-0.18117E+08,-0.89112E+07,-0.15848E+08,-0.41264E+07,-0.33233E+07,-0.56414E+07,-0.43286E+07,-0.17399E+08
4291.400000000,-0.13236E+07,-0.12321E+08,-0.81732E+07,-0.13237E+08,-0.38359E+07,-0.19250E+08,-0.95180E+07,-0.15425E+08,-0.36668E+07,-0.30141E+07,-0.56494E+07,-0.42661E+07,-0.17366E+08
4321.400000000,-0.11480E+07,-0.12807E+08,-0.86156E+07,-0.12417E+08,-0.34486E+07,-0.19851E+08,-0.98305E+07,-0.13820E+08,-0.34928E+07,-0.28703E+07,-0.56528E+07,-0.42619E+07,-0.17360E+08
4352.400000000,-0.11139E+07,-0.12656E+08,-0.74766E+07,-0.84811E+07,-0.24830E+07,-0.18710E+08,-0.90769E+07,-0.11029E+08,-0.30932E+07,-0.27291E+07,-0.56450E+07,-0.42515E+07,-0.17347E+08
4382.400000000,-0.63725E+06,-0.11628E+08,-0.64176E+07,-0.43287E+07,-0.12459E+07,-0.16785E+08,-0.80806E+07,-0.73613E+07,-0.25613E+07,-0.27432E+07,-0.56387E+07,-0.42639E+07,-0.17382E+08
4413.400000000,-0.36264E+06,-0.10562E+08,-0.48256E+07,-0.15865E+07,-0.84950E+06,-0.15413E+08,-0.73837E+07,-0.65981E+07,-0.24121E+07,-0.27595E+07,-0.56326E+07,-0.42963E+07,-0.17415E+08
4444.400000000,-0.27672E+06,-0.97264E+07,-0.44079E+07,-0.21481E+07,-0.77522E+06,-0.14782E+08,-0.70834E+07,-0.62692E+07,-0.23710E+07,-0.27669E+07,-0.56260E+07,-0.43158E+07,-0.17433E+08
4472.400000000,34443.,-0.86795E+07,-0.23342E+07,0.15659E+07,-0.68341E+06,-0.14103E+08,-0.66973E+07,-0.60413E+07,-0.22365E+07,-0.27682E+07,-0.56193E+07,-0.43235E+07,-0.17442E+08
4503.400000000,32703.,-0.78916E+07,-0.20925E+07,0.32027E+07,-0.53931E+06,-0.13301E+08,-0.60686E+07,-0.59397E+07,-0.22496E+07,-0.27677E+07,-0.56113E+07,-0.43252E+07,-0.17445E+08
4533.400000000,-0.23910E+06,-0.80244E+07,-0.40719E+07,-0.19004E+07,-0.15398E+07,-0.13691E+08,-0.62075E+07,-0.10221E+08,-0.27358E+07,-0.29230E+07,-0.56110E+07,-0.43645E+07,-0.17449E+08
4564.400000000,-0.28900E+06,-0.86322E+07,-0.49973E+07,-0.74845E+07,-0.17503E+07,-0.14326E+08,-0.63827E+07,-0.12540E+08,-0.34452E+07,-0.31803E+07,-0.56255E+07,-0.44329E+07,-0.17488E+08
4594.400000000,-0.84121E+06,-0.95310E+07,-0.64694E+07,-0.86543E+07,-0.27765E+07,-0.15999E+08,-0.72055E+07,-0.14290E+08,-0.36324E+07,-0.31235E+07,-0.56366E+07,-0.44362E+07,-0.17452E+08
4625.400000000,-0.14636E+07,-0.10879E+08,-0.96043E+07,-0.15193E+08,-0.38758E+07,-0.18716E+08,-0.88134E+07,-0.15366E+08,-0.42329E+07,-0.33937E+07,-0.56644E+07,-0.43728E+07,-0.17401E+08
4656.400000000,-0.13131E+07,-0.11158E+08,-0.81085E+07,-0.13910E+08,-0.37868E+07,-0.19767E+08,-0.94950E+07,-0.15152E+08,-0.39937E+07,-0.32419E+07,-0.56769E+07,-0.42842E+07,-0.17357E+08
4686.400000000,-0.12378E+07,-0.11721E+08,-0.90941E+07,-0.13699E+08,-0.33741E+07,-0.20109E+08,-0.97371E+07,-0.14040E+08,-0.39289E+07,-0.30266E+07,-0.56829E+07,-0.42895E+07,-0.17365E+08
4717.400000000,-0.98565E+06,-0.11475E+08,-0.73966E+07,-0.78303E+07,-0.23288E+07,-0.18666E+08,-0.90734E+07,-0.10885E+08,-0.31320E+07,-0.26453E+07,-0.56636E+07,-0.42393E+07,-0.17277E+08
4747.400000000,-0.56138E+06,-0.10566E+08,-0.60450E+07,-0.36741E+07,-0.11656E+07,-0.16798E+08,-0.81124E+07,-0.72294E+07,-0.25564E+07,-0.27415E+07,-0.56563E+07,-0.42561E+07,-0.17339E+08
4778.400000000,-0.34740E+06,-0.97185E+07,-0.50476E+07,-0.21880E+07,-0.81894E+06,-0.15512E+08,-0.74171E+07,-0.65496E+07,-0.24146E+07,-0.27738E+07,-0.56501E+07,-0.42951E+07,-0.17389E+08
4809.400000000,-0.28232E+06,-0.90550E+07,-0.47524E+07,-0.26622E+07,-0.64797E+06,-0.14563E+08,-0.69073E+07,-0.62422E+07,-0.23740E+07,-0.27863E+07,-0.56436E+07,-0.43191E+07,-0.17415E+08
4837.400000000,50331.,-0.80638E+07,-0.22826E+07,0.50849E+06,-0.54940E+06,-0.14099E+08,-0.66000E+07,-0.60616E+07,-0.22286E+07,-0.27898E+07,-0.56372E+07,-0.43293E+07,-0.17427E+08
4868.400000000,0.56043E+06,-0.64887E+07,0.22019E+07,0.93194E+07,-0.17692E+06,-0.12857E+08,-0.56476E+07,-0.59454E+07,-0.20493E+07,-0.27917E+07,-0.56294E+07,-0.43315E+07,-0.17465E+08
4898.400000000,-0.20962E+06,-0.70980E+07,-0.31359E+07,-0.69607E+06,-0.13383E+07,-0.13358E+08,-0.59874E+07,-0.95562E+07,-0.29074E+07,-0.30119E+07,-0.56335E+07,-0.43548E+07,-0.17437E+08
4929.400000000,-0.11502E+07,-0.89381E+07,-0.84640E+07,-0.98996E+07,-0.24701E+07,-0.14649E+08,-0.66626E+07,-0.13534E+08,-0.37619E+07,-0.30332E+07,-0.56458E+07,-0.43502E+07,-0.17406E+08
4959.400000000,-0.99379E+06,-0.98172E+07,-0.72060E+07,-0.10813E+08,-0.27124E+07,-0.15600E+08,-0.70972E+07,-0.14727E+08,-0.41301E+07,-0.33341E+07,-0.56684E+07,-0.43174E+07,-0.17374E+08
4990.400000000,-0.12837E+07,-0.10800E+08,-0.87949E+07,-0.14330E+08,-0.38717E+07,-0.18216E+08,-0.87195E+07,-0.15293E+08,-0.41104E+07,-0.33465E+07,-0.56840E+07,-0.42704E+07,-0.17343E+08
5021.400000000,-0.12121E+07,-0.11389E+08,-0.82322E+07,-0.14527E+08,-0.37587E+07,-0.19157E+08,-0.93138E+07,-0.15533E+08,-0.39159E+07,-0.30327E+07,-0.56822E+07,-0.42457E+07,-0.17334E+08
5051.400000000,-0.11411E+07,-0.11810E+08,-0.80778E+07,-0.12823E+08,-0.34138E+07,-0.19667E+08,-0.95929E+07,-0.13724E+08,-0.37309E+07,-0.28621E+07,-0.56782E+07,-0.42201E+07,-0.17324E+08
5082.400000000,-0.92213E+06,-0.11541E+08,-0.66046E+07,-0.75890E+07,-0.26213E+07,-0.18750E+08,-0.90888E+07,-0.11655E+08,-0.33175E+07,-0.26202E+07,-0.56607E+07,-0.41902E+07,-0.17207E+08
5112.400000000,-0.56575E+06,-0.10679E+08,-0.57680E+07,-0.38414E+07,-0.11755E+07,-0.16573E+08,-0.79825E+07,-0.72855E+07,-0.25592E+07,-0.27186E+07,-0.56528E+07,-0.42250E+07,-0.17292E+08
5143.400000000,-0.34684E+06,-0.97992E+07,-0.47359E+07,-0.16500E+07,-0.86869E+06,-0.15416E+08,-0.73964E+07,-0.65622E+07,-0.23769E+07,-0.27596E+07,-0.56465E+07,-0.42743E+07,-0.17355E+08
5174.400000000,-0.26666E+06,-0.90764E+07,-0.43231E+07,-0.18674E+07,-0.81079E+06,-0.14794E+08,-0.71033E+07,-0.62370E+07,-0.23292E+07,-0.27785E+07,-0.56398E+07,-0.43038E+07,-0.17389E+08
5203.400000000,-0.23487E+06,-0.85003E+07,-0.41031E+07,-0.20890E+07,-0.60773E+06,-0.14045E+08,-0.66314E+07,-0.60124E+07,-0.23047E+07,-0.27860E+07,-0.56331E+07,-0.43171E+07,-0.17405E+08
5234.400000000,52459.,-0.75627E+07,-0.21194E+07,0.20102E+07,-0.67197E+06,-0.13706E+08,-0.60519E+07,-0.59401E+07,-0.21854E+07,-0.27881E+07,-0.56251E+07,-0.43211E+07,-0.17412E+08
5264.400000000,-0.12739E+06,-0.75573E+07,-0.27190E+07,0.97491E+06,-0.12782E+07,-0.13838E+08,-0.59531E+07,-0.86862E+07,-0.26629E+07,-0.28665E+07,-0.56208E+07,-0.42996E+07,-0.17303E+08
5295.400000000,-0.93115E+06,-0.92001E+07,-0.70615E+07,-0.88640E+07,-0.25426E+07,-0.15262E+08,-0.68300E+07,-0.12549E+08,-0.38288E+07,-0.32697E+07,-0.56390E+07,-0.43210E+07,-0.17333E+08
5325.400000000,-0.10134E+07,-0.10142E+08,-0.72253E+07,-0.11323E+08,-0.32775E+07,-0.16625E+08,-0.76673E+07,-0.14574E+08,-0.41482E+07,-0.34018E+07,-0.56564E+07,-0.43017E+07,-0.17305E+08
5356.400000000,-0.11298E+07,-0.10770E+08,-0.71165E+07,-0.11799E+08,-0.36036E+07,-0.18385E+08,-0.88009E+07,-0.14860E+08,-0.40361E+07,-0.33467E+07,-0.56726E+07,-0.42438E+07,-0.17276E+08
5387.400000000,-0.10007E+07,-0.11208E+08,-0.69437E+07,-0.11774E+08,-0.33845E+07,-0.18917E+08,-0.91178E+07,-0.14824E+08,-0.38831E+07,-0.31809E+07,-0.56779E+07,-0.41895E+07,-0.17262E+08
5417.400000000,-0.96930E+06,-0.11613E+08,-0.75844E+07,-0.10790E+08,-0.27109E+07,-0.18650E+08,-0.88339E+07,-0.12258E+08,-0.36705E+07,-0.30409E+07,-0.56841E+07,-0.42026E+07,-0.17282E+08
5448.400000000,-0.80190E+06,-0.11615E+08,-0.82586E+07,-0.94332E+07,-0.23665E+07,-0.18379E+08,-0.87505E+07,-0.10775E+08,-0.33895E+07,-0.30311E+07,-0.56896E+07,-0.42905E+07,-0.17337E+08
5478.400000000,-0.49342E+06,-0.10637E+08,-0.62257E+07,-0.38326E+07,-0.12265E+07,-0.16618E+08,-0.78888E+07,-0.70665E+07,-0.26429E+07,-0.28886E+07,-0.56842E+07,-0.42918E+07,-0.17359E+08
5509.400000000,-0.32072E+06,-0.97648E+07,-0.50788E+07,-0.17261E+07,-0.92522E+06,-0.15428E+08,-0.73481E+07,-0.63975E+07,-0.24687E+07,-0.28703E+07,-0.56781E+07,-0.43140E+07,-0.17382E+08
5540.400000000,-0.25623E+06,-0.90537E+07,-0.45178E+07,-0.14553E+07,-0.82104E+06,-0.14460E+08,-0.69118E+07,-0.60821E+07,-0.24149E+07,-0.28639E+07,-0.56711E+07,-0.43272E+07,-0.17396E+08
5568.400000000,-0.23037E+06,-0.85097E+07,-0.42511E+07,-0.11587E+07,-0.67582E+06,-0.13579E+08,-0.65280E+07,-0.58675E+07,-0.23836E+07,-0.28574E+07,-0.56641E+07,-0.43316E+07,-0.17402E+08
5599.400000000,-0.21841E+06,-0.80019E+07,-0.40309E+07,-0.10439E+07,-0.57068E+06,-0.12667E+08,-0.60848E+07,-0.57558E+07,-0.23611E+07,-0.28488E+07,-0.56555E+07,-0.43305E+07,-0.17404E+08
5629.400000000,-0.31150E+06,-0.81917E+07,-0.44344E+07,-0.62997E+06,-0.16814E+07,-0.13402E+08,-0.65143E+07,-0.97522E+07,-0.29741E+07,-0.28585E+07,-0.56478E+07,-0.43355E+07,-0.17347E+08
5660.400000000,-0.59065E+06,-0.90491E+07,-0.52722E+07,-0.29475E+07,-0.27827E+07,-0.14983E+08,-0.72755E+07,-0.13153E+08,-0.35221E+07,-0.28309E+07,-0.56390E+07,-0.43014E+07,-0.17278E+08
5690.400000000,-0.89674E+06,-0.97470E+07,-0.60939E+07,-0.60750E+07,-0.32424E+07,-0.16510E+08,-0.81607E+07,-0.13906E+08,-0.36664E+07,-0.27588E+07,-0.56239E+07,-0.42021E+07,-0.17099E+08
5721.400000000,-0.96884E+06,-0.10201E+08,-0.56291E+07,-0.75719E+07,-0.32795E+07,-0.17712E+08,-0.88600E+07,-0.14210E+08,-0.34169E+07,-0.25568E+07,-0.56040E+07,-0.41040E+07,-0.16992E+08
5752.400000000,-0.89603E+06,-0.10588E+08,-0.54255E+07,-0.76131E+07,-0.31923E+07,-0.18215E+08,-0.91212E+07,-0.14123E+08,-0.33577E+07,-0.24919E+07,-0.55813E+07,-0.40469E+07,-0.16973E+08
5782.400000000,-0.97620E+06,-0.11018E+08,-0.60409E+07,-0.46861E+07,-0.27536E+07,-0.18116E+08,-0.89274E+07,-0.12322E+08,-0.32336E+07,-0.23816E+07,-0.55635E+07,-0.40348E+07,-0.16956E+08
5813.400000000,-0.75310E+06,-0.10659E+08,-0.53458E+07,-0.19940E+07,-0.20570E+07,-0.17146E+08,-0.82733E+07,-0.99391E+07,-0.26177E+07,-0.22970E+07,-0.55425E+07,-0.40830E+07,-0.17003E+08
5843.400000000,-0.40943E+06,-0.98203E+07,-0.44245E+07,-0.15133E+07,-0.10560E+07,-0.15556E+08,-0.74590E+07,-0.68002E+07,-0.22024E+07,-0.25090E+07,-0.55371E+07,-0.41397E+07,-0.17146E+08
5874.400000000,-0.28390E+06,-0.90805E+07,-0.39461E+07,-0.16976E+07,-0.86800E+06,-0.14813E+08,-0.70688E+07,-0.62296E+07,-0.21296E+07,-0.25882E+07,-0.55333E+07,-0.41991E+07,-0.17234E+08
5905.400000000,-0.23558E+06,-0.84626E+07,-0.37313E+07,-0.13299E+07,-0.72627E+06,-0.13953E+08,-0.66243E+07,-0.59396E+07,-0.21123E+07,-0.26279E+07,-0.55291E+07,-0.42342E+07,-0.17278E+08
5933.400000000,-0.21582E+06,-0.79795E+07,-0.35788E+07,-0.92550E+06,-0.64518E+06,-0.13139E+08,-0.62531E+07,-0.57525E+07,-0.21043E+07,-0.26482E+07,-0.55245E+07,-0.42505E+07,-0.17299E+08
5964.400000000,-0.20724E+06,-0.75401E+07,-0.35564E+07,-0.10204E+07,-0.51101E+06,-0.12247E+08,-0.58286E+07,-0.56388E+07,-0.21040E+07,-0.26620E+07,-0.55187E+07,-0.42574E+07,-0.17310E+08
5994.400000000,-0.20905E+06,-0.75799E+07,-0.32542E+07,0.13131E+07,-0.99791E+06,-0.12000E+08,-0.55511E+07,-0.88243E+07,-0.26745E+07,-0.28534E+07,-0.55203E+07,-0.42756E+07,-0.17316E+08
6025.400000000,-0.52200E+06,-0.85385E+07,-0.44783E+07,-0.39528E+07,-0.23772E+07,-0.13741E+08,-0.65336E+07,-0.13033E+08,-0.35097E+07,-0.30625E+07,-0.55322E+07,-0.42396E+07,-0.17284E+08
6055.400000000,-0.82791E+06,-0.96463E+07,-0.60186E+07,-0.83037E+07,-0.28104E+07,-0.14991E+08,-0.72466E+07,-0.14199E+08,-0.38892E+07,-0.32454E+07,-0.55510E+07,-0.42262E+07,-0.17243E+08
6086.400000000,-0.10244E+07,-0.10465E+08,-0.65052E+07,-0.10059E+08,-0.34752E+07,-0.16782E+08,-0.82963E+07,-0.15033E+08,-0.38637E+07,-0.31350E+07,-0.55610E+07,-0.41825E+07,-0.17175E+08
6117.400000000,-0.11103E+07,-0.11234E+08,-0.68331E+07,-0.10908E+08,-0.33954E+07,-0.17467E+08,-0.86182E+07,-0.15046E+08,-0.38083E+07,-0.29142E+07,-0.55587E+07,-0.41431E+07,-0.17169E+08
6147.400000000,-0.10524E+07,-0.11711E+08,-0.69640E+07,-0.86485E+07,-0.31275E+07,-0.18064E+08,-0.89540E+07,-0.13442E+08,-0.35847E+07,-0.27363E+07,-0.55558E+07,-0.41285E+07,-0.17150E+08
6178.400000000,-0.72350E+06,-0.11401E+08,-0.65811E+07,-0.33962E+07,-0.21636E+07,-0.17132E+08,-0.84442E+07,-0.10228E+08,-0.29417E+07,-0.25906E+07,-0.55438E+07,-0.41338E+07,-0.17125E+08
6208.400000000,-0.41838E+06,-0.10447E+08,-0.53043E+07,-0.94478E+06,-0.10775E+07,-0.15321E+08,-0.75011E+07,-0.68452E+07,-0.23942E+07,-0.26526E+07,-0.55381E+07,-0.41791E+07,-0.17198E+08
6239.400000000,-0.27304E+06,-0.95893E+07,-0.44814E+07,-0.14070E+07,-0.89763E+06,-0.14709E+08,-0.71601E+07,-0.62523E+07,-0.22729E+07,-0.26803E+07,-0.55330E+07,-0.42212E+07,-0.17248E+08
6270.400000000,-0.23047E+06,-0.88723E+07,-0.39544E+07,-0.13389E+07,-0.60267E+06,-0.13694E+08,-0.65155E+07,-0.59565E+07,-0.22402E+07,-0.26928E+07,-0.55274E+07,-0.42443E+07,-0.17274E+08
6298.400000000,-0.25753E+06,-0.83370E+07,-0.36378E+07,-0.72813E+06,-0.52337E+06,-0.12920E+08,-0.60987E+07,-0.57994E+07,-0.22364E+07,-0.26971E+07,-0.55216E+07,-0.42539E+07,-0.17286E+08
6329.400000000,-0.21752E+06,-0.78443E+07,-0.36717E+07,-0.10585E+07,-0.48520E+06,-0.12282E+08,-0.57605E+07,-0.56812E+07,-0.22016E+07,-0.26975E+07,-0.55224E+07,-0.42556E+07,-0.17291E+08
6359.400000000,-0.38160E+06,-0.82917E+07,-0.34448E+07,0.59852E+06,-0.12995E+07,-0.12725E+08,-0.59520E+07,-0.93179E+07,-0.28790E+07,-0.28186E+07,-0.55195E+07,-0.42721E+07,-0.17253E+08
6390.400000000,-0.70136E+06,-0.94079E+07,-0.59374E+07,-0.38662E+07,-0.19850E+07,-0.13833E+08,-0.63469E+07,-0.12450E+08,-0.37043E+07,-0.31815E+07,-0.55356E+07,-0.42731E+07,-0.17267E+08
6420.400000000,-0.95950E+06,-0.10341E+08,-0.64307E+07,-0.77294E+07,-0.25538E+07,-0.15082E+08,-0.70269E+07,-0.13787E+08,-0.40223E+07,-0.32556E+07,-0.55540E+07,-0.42113E+07,-0.17226E+08
6451.400000000,-0.11006E+07,-0.10848E+08,-0.61827E+07,-0.91974E+07,-0.36856E+07,-0.17491E+08,-0.85216E+07,-0.15026E+08,-0.39886E+07,-0.31504E+07,-0.55671E+07,-0.42321E+07,-0.17192E+08
6482.400000000,-0.10828E+07,-0.11468E+08,-0.69119E+07,-0.10823E+08,-0.34950E+07,-0.18207E+08,-0.88739E+07,-0.14692E+08,-0.39590E+07,-0.30004E+07,-0.55691E+07,-0.41992E+07,-0.17179E+08
6512.400000000,-0.96642E+06,-0.11782E+08,-0.73245E+07,-0.97532E+07,-0.31421E+07,-0.18721E+08,-0.91701E+07,-0.12840E+08,-0.36643E+07,-0.28884E+07,-0.55670E+07,-0.41436E+07,-0.17173E+08
6543.400000000,-0.65208E+06,-0.11405E+08,-0.67253E+07,-0.46775E+07,-0.23245E+07,-0.17848E+08,-0.86304E+07,-0.10434E+08,-0.29840E+07,-0.25987E+07,-0.55476E+07,-0.41064E+07,-0.17069E+08
6573.400000000,-0.39254E+06,-0.10472E+08,-0.56281E+07,-0.17932E+07,-0.12311E+07,-0.16054E+08,-0.77323E+07,-0.72265E+07,-0.24937E+07,-0.26724E+07,-0.55405E+07,-0.41496E+07,-0.17155E+08
6604.400000000,-0.29183E+06,-0.96136E+07,-0.45341E+07,-0.13595E+07,-0.87614E+06,-0.15061E+08,-0.71822E+07,-0.62715E+07,-0.23479E+07,-0.27005E+07,-0.55348E+07,-0.42029E+07,-0.17214E+08
6635.400000000,-0.22199E+06,-0.88792E+07,-0.39287E+07,-0.11605E+07,-0.76829E+06,-0.14347E+08,-0.67817E+07,-0.59649E+07,-0.22894E+07,-0.27121E+07,-0.55289E+07,-0.42342E+07,-0.17245E+08
6664.400000000,-0.13259E+06,-0.81853E+07,-0.31086E+07,0.17914E+06,-0.58508E+06,-0.13499E+08,-0.63276E+07,-0.57703E+07,-0.22367E+07,-0.27156E+07,-0.55229E+07,-0.42485E+07,-0.17259E+08
6695.400000000,-0.24624E+06,-0.78384E+07,-0.38934E+07,-0.64667E+06,-0.40445E+06,-0.12330E+08,-0.56969E+07,-0.56899E+07,-0.22744E+07,-0.27180E+07,-0.55158E+07,-0.42540E+07,-0.17266E+08
6725.400000000,-0.49620E+06,-0.82359E+07,-0.34384E+07,0.10606E+07,-0.16624E+07,-0.13090E+08,-0.62870E+07,-0.10109E+08,-0.30611E+07,-0.29855E+07,-0.55219E+07,-0.42975E+07,-0.17248E+08
6756.400000000,-0.73599E+06,-0.95403E+07,-0.65445E+07,-0.49853E+07,-0.24332E+07,-0.14425E+08,-0.68869E+07,-0.12310E+08,-0.37299E+07,-0.31026E+07,-0.55351E+07,-0.43007E+07,-0.17242E+08
6786.400000000,-0.10170E+07,-0.10576E+08,-0.68765E+07,-0.69200E+07,-0.27984E+07,-0.15352E+08,-0.73447E+07,-0.13618E+08,-0.40077E+07,-0.31943E+07,-0.55482E+07,-0.42425E+07,-0.17187E+08
6817.400000000,-0.11191E+07,-0.11181E+08,-0.61156E+07,-0.78569E+07,-0.35007E+07,-0.17092E+08,-0.84217E+07,-0.15154E+08,-0.39724E+07,-0.30554E+07,-0.55569E+07,-0.41741E+07,-0.17107E+08
6848.400000000,-0.11029E+07,-0.11897E+08,-0.70616E+07,-0.97863E+07,-0.32668E+07,-0.17699E+08,-0.87151E+07,-0.14680E+08,-0.39992E+07,-0.30331E+07,-0.55652E+07,-0.41399E+07,-0.17110E+08
6878.400000000,-0.99849E+06,-0.12255E+08,-0.71840E+07,-0.87043E+07,-0.31142E+07,-0.18430E+08,-0.90831E+07,-0.13255E+08,-0.36805E+07,-0.28011E+07,-0.55594E+07,-0.41249E+07,-0.17091E+08
6909.400000000,-0.67535E+06,-0.11828E+08,-0.68656E+07,-0.59971E+07,-0.22086E+07,-0.17684E+08,-0.85317E+07,-0.10178E+08,-0.31947E+07,-0.28398E+07,-0.55588E+07,-0.41894E+07,-0.17157E+08
6939.400000000,-0.38950E+06,-0.10810E+08,-0.55050E+07,-0.18365E+07,-0.10610E+07,-0.15757E+08,-0.75247E+07,-0.67983E+07,-0.25228E+07,-0.27550E+07,-0.55544E+07,-0.42135E+07,-0.17196E+08
6970.400000000,-0.29353E+06,-0.99219E+07,-0.46273E+07,-0.11127E+07,-0.85707E+06,-0.14763E+08,-0.70542E+07,-0.62133E+07,-0.23888E+07,-0.27506E+07,-0.55495E+07,-0.42446E+07,-0.17223E+08
7001.400000000,-0.25347E+06,-0.91831E+07,-0.42107E+07,-0.66044E+06,-0.76563E+06,-0.13797E+08,-0.65996E+07,-0.59186E+07,-0.23410E+07,-0.27508E+07,-0.55438E+07,-0.42619E+07,-0.17238E+08
7029.400000000,-0.22186E+06,-0.86104E+07,-0.39289E+07,-0.29554E+06,-0.68660E+06,-0.12991E+08,-0.62605E+07,-0.57164E+07,-0.23061E+07,-0.27485E+07,-0.55380E+07,-0.42683E+07,-0.17244E+08
7060.400000000,-0.23732E+06,-0.81060E+07,-0.37930E+07,-0.75698E+06,-0.55441E+06,-0.12188E+08,-0.58506E+07,-0.56016E+07,-0.22933E+07,-0.27416E+07,-0.55305E+07,-0.42684E+07,-0.17245E+08
7090.400000000,-0.49427E+06,-0.82942E+07,-0.36908E+07,0.65624E+06,-0.14642E+07,-0.12773E+08,-0.61364E+07,-0.92107E+07,-0.27898E+07,-0.25986E+07,-0.55131E+07,-0.42647E+07,-0.17130E+08
7121.400000000,-0.59153E+06,-0.92441E+07,-0.65739E+07,-0.13910E+07,-0.19367E+07,-0.13600E+08,-0.62727E+07,-0.11947E+08,-0.34263E+07,-0.28055E+07,-0.55104E+07,-0.42852E+07,-0.17150E+08
7151.400000000,-0.99208E+06,-0.10376E+08,-0.73573E+07,-0.56759E+07,-0.28817E+07,-0.15408E+08,-0.72394E+07,-0.13640E+08,-0.38478E+07,-0.29032E+07,-0.55141E+07,-0.42629E+07,-0.17084E+08
7182.400000000,-0.10932E+07,-0.10791E+08,-0.62372E+07,-0.70502E+07,-0.32795E+07,-0.16993E+08,-0.82323E+07,-0.14028E+08,-0.35202E+07,-0.27703E+07,-0.55148E+07,-0.41827E+07,-0.17039E+08
7213.400000000,-0.10798E+07,-0.11393E+08,-0.61421E+07,-0.78940E+07,-0.34066E+07,-0.17831E+08,-0.86406E+07,-0.14718E+08,-0.36177E+07,-0.28148E+07,-0.55221E+07,-0.41348E+07,-0.17060E+08
7243.400000000,-0.10130E+07,-0.11736E+08,-0.69977E+07,-0.75652E+07,-0.33261E+07,-0.18449E+08,-0.89743E+07,-0.13908E+08,-0.33039E+07,-0.26063E+07,-0.55141E+07,-0.41267E+07,-0.17048E+08
7274.400000000,-0.76469E+06,-0.11458E+08,-0.66487E+07,-0.36767E+07,-0.21470E+07,-0.17400E+08,-0.83723E+07,-0.10052E+08,-0.28356E+07,-0.25189E+07,-0.55006E+07,-0.41568E+07,-0.17058E+08
7304.400000000,-0.40500E+06,-0.10446E+08,-0.51780E+07,-0.11287E+07,-0.10995E+07,-0.15842E+08,-0.75373E+07,-0.68443E+07,-0.23267E+07,-0.25991E+07,-0.54955E+07,-0.41791E+07,-0.17118E+08
7335.400000000,-0.26954E+06,-0.95823E+07,-0.43719E+07,-0.18355E+07,-0.63026E+06,-0.14854E+08,-0.69019E+07,-0.62551E+07,-0.22276E+07,-0.26363E+07,-0.54911E+07,-0.42134E+07,-0.17159E+08
7366.400000000,-0.18620E+06,-0.87975E+07,-0.35542E+07,-0.11462E+07,-0.56492E+06,-0.14241E+08,-0.64836E+07,-0.60307E+07,-0.21843E+07,-0.26548E+07,-0.54862E+07,-0.42335E+07,-0.17180E+08
7394.400000000,0.28267E+06,-0.73650E+07,0.98016E+06,0.78850E+07,-0.68158E+06,-0.13695E+08,-0.62107E+07,-0.58626E+07,-0.19957E+07,-0.26630E+07,-0.54811E+07,-0.42416E+07,-0.17190E+08
7425.400000000,-50451.,-0.70090E+07,-0.16597E+07,0.48145E+07,-0.21082E+06,-0.12484E+08,-0.54806E+07,-0.56972E+07,-0.21553E+07,-0.26663E+07,-0.54747E+07,-0.42422E+07,-0.17194E+08
7455.400000000,-0.13206E+06,-0.70618E+07,-0.16792E+07,0.36637E+07,-0.20617E+06,-0.11496E+08,-0.48437E+07,-0.82174E+07,-0.26326E+07,-0.28254E+07,-0.54714E+07,-0.42625E+07,-0.17150E+08
7486.400000000,-0.53901E+06,-0.81098E+07,-0.39661E+07,-0.26770E+07,-0.17571E+07,-0.12952E+08,-0.56581E+07,-0.12233E+08,-0.33151E+07,-0.30559E+07,-0.54865E+07,-0.42601E+07,-0.17166E+08
7516.400000000,-0.12797E+07,-0.98708E+07,-0.84735E+07,-0.10213E+08,-0.30082E+07,-0.15213E+08,-0.69960E+07,-0.14196E+08,-0.38856E+07,-0.32060E+07,-0.55047E+07,-0.42706E+07,-0.17146E+08
7547.400000000,-0.14596E+07,-0.10581E+08,-0.85035E+07,-0.12197E+08,-0.35909E+07,-0.17409E+08,-0.85264E+07,-0.14150E+08,-0.35907E+07,-0.30631E+07,-0.55190E+07,-0.42012E+07,-0.16961E+08
7578.400000000,-0.11669E+07,-0.11158E+08,-0.72589E+07,-0.11411E+08,-0.34044E+07,-0.18124E+08,-0.88892E+07,-0.14068E+08,-0.36009E+07,-0.30060E+07,-0.55307E+07,-0.41323E+07,-0.16993E+08
7608.400000000,-0.95420E+06,-0.11494E+08,-0.73819E+07,-0.95304E+07,-0.30221E+07,-0.18516E+08,-0.90280E+07,-0.12300E+08,-0.32537E+07,-0.27059E+07,-0.55210E+07,-0.41159E+07,-0.16980E+08
7639.400000000,-0.69993E+06,-0.11261E+08,-0.68019E+07,-0.53605E+07,-0.24421E+07,-0.17999E+08,-0.85745E+07,-0.10603E+08,-0.27680E+07,-0.25086E+07,-0.55044E+07,-0.41418E+07,-0.17018E+08
7669.400000000,-0.39245E+06,-0.10303E+08,-0.52542E+07,-0.22531E+07,-0.14412E+07,-0.16564E+08,-0.76191E+07,-0.76315E+07,-0.23908E+07,-0.26127E+07,-0.54987E+07,-0.41671E+07,-0.17081E+08
7700.400000000,-0.29049E+06,-0.94729E+07,-0.44230E+07,-0.16872E+07,-0.99088E+06,-0.15503E+08,-0.71327E+07,-0.63681E+07,-0.22769E+07,-0.26521E+07,-0.54941E+07,-0.42043E+07,-0.17122E+08
7731.400000000,-0.23467E+06,-0.87360E+07,-0.37331E+07,-0.50370E+06,-0.82742E+06,-0.14386E+08,-0.66560E+07,-0.59969E+07,-0.22342E+07,-0.26699E+07,-0.54891E+07,-0.42264E+07,-0.17143E+08
7759.400000000,-0.22734E+06,-0.82434E+07,-0.38652E+07,-0.12074E+07,-0.66907E+06,-0.13513E+08,-0.62519E+07,-0.57840E+07,-0.22179E+07,-0.26771E+07,-0.54838E+07,-0.42358E+07,-0.17153E+08
7790.400000000,-0.23680E+06,-0.77763E+07,-0.36718E+07,-0.67370E+06,-0.51402E+06,-0.12496E+08,-0.56030E+07,-0.56894E+07,-0.22112E+07,-0.26821E+07,-0.54774E+07,-0.42386E+07,-0.17157E+08
7820.400000000,-0.46105E+06,-0.81058E+07,-0.38240E+07,0.80316E+06,-0.16096E+07,-0.13384E+08,-0.61247E+07,-0.93778E+07,-0.29020E+07,-0.29411E+07,-0.54806E+07,-0.42718E+07,-0.17122E+08
7851.400000000,-0.80477E+06,-0.93390E+07,-0.62316E+07,-0.57776E+07,-0.23804E+07,-0.14276E+08,-0.66926E+07,-0.12310E+08,-0.34324E+07,-0.30448E+07,-0.54936E+07,-0.42388E+07,-0.17089E+08
7881.400000000,-0.93053E+06,-0.10322E+08,-0.69013E+07,-0.74697E+07,-0.31158E+07,-0.15910E+08,-0.77622E+07,-0.13710E+08,-0.37949E+07,-0.34187E+07,-0.55268E+07,-0.42571E+07,-0.17080E+08
7912.400000000,-0.10478E+07,-0.10785E+08,-0.56098E+07,-0.87924E+07,-0.33370E+07,-0.17035E+08,-0.84789E+07,-0.14540E+08,-0.34822E+07,-0.27734E+07,-0.55181E+07,-0.41722E+07,-0.16864E+08
7943.400000000,-0.11615E+07,-0.11481E+08,-0.62276E+07,-0.10869E+08,-0.31591E+07,-0.17562E+08,-0.87733E+07,-0.14051E+08,-0.34011E+07,-0.25118E+07,-0.55016E+07,-0.40857E+07,-0.16795E+08
7973.400000000,-0.10405E+07,-0.12000E+08,-0.73887E+07,-0.92263E+07,-0.28652E+07,-0.18079E+08,-0.90119E+07,-0.12281E+08,-0.32583E+07,-0.24621E+07,-0.54909E+07,-0.41146E+07,-0.16830E+08
8004.400000000,-0.70087E+06,-0.11247E+08,-0.60533E+07,-0.44873E+07,-0.19882E+07,-0.17074E+08,-0.82173E+07,-0.96305E+07,-0.24706E+07,-0.22878E+07,-0.54696E+07,-0.41160E+07,-0.16894E+08
8034.400000000,-0.40661E+06,-0.10298E+08,-0.48042E+07,-0.13948E+07,-0.10730E+07,-0.15757E+08,-0.73873E+07,-0.67144E+07,-0.22110E+07,-0.24973E+07,-0.54650E+07,-0.41374E+07,-0.16992E+08
8065.400000000,-0.28052E+06,-0.94770E+07,-0.40847E+07,-0.13953E+07,-0.86563E+06,-0.14866E+08,-0.69406E+07,-0.61764E+07,-0.21591E+07,-0.25703E+07,-0.54618E+07,-0.41788E+07,-0.17052E+08
8096.400000000,-0.23109E+06,-0.87930E+07,-0.37663E+07,-0.12671E+07,-0.79829E+06,-0.14177E+08,-0.66202E+07,-0.58933E+07,-0.21431E+07,-0.26053E+07,-0.54581E+07,-0.42050E+07,-0.17083E+08
8125.400000000,-0.21003E+06,-0.82427E+07,-0.36286E+07,-0.99092E+06,-0.67460E+06,-0.13382E+08,-0.62188E+07,-0.56912E+07,-0.21322E+07,-0.26230E+07,-0.54537E+07,-0.42171E+07,-0.17097E+08
8156.400000000,-0.21582E+06,-0.77590E+07,-0.34488E+07,-0.79986E+06,-0.50389E+06,-0.12444E+08,-0.56103E+07,-0.55886E+07,-0.21329E+07,-0.26352E+07,-0.54482E+07,-0.42210E+07,-0.17104E+08
8186.400000000,-0.44408E+06,-0.80622E+07,-0.33979E+07,0.13301E+07,-0.11842E+07,-0.12629E+08,-0.56290E+07,-0.80744E+07,-0.26983E+07,-0.28714E+07,-0.54508E+07,-0.42221E+07,-0.17069E+08
8217.400000000,-0.66122E+06,-0.88843E+07,-0.39161E+07,-0.76079E+06,-0.18358E+07,-0.13099E+08,-0.58121E+07,-0.12252E+08,-0.35247E+07,-0.32570E+07,-0.54755E+07,-0.42336E+07,-0.17072E+08
8247.400000000,-0.13264E+07,-0.10324E+08,-0.75014E+07,-0.82802E+07,-0.26440E+07,-0.14422E+08,-0.66408E+07,-0.13857E+08,-0.39834E+07,-0.32499E+07,-0.54947E+07,-0.42457E+07,-0.17051E+08
8278.400000000,-0.13244E+07,-0.11366E+08,-0.63263E+07,-0.89471E+07,-0.35248E+07,-0.16782E+08,-0.81359E+07,-0.14331E+08,-0.41392E+07,-0.31693E+07,-0.55105E+07,-0.42014E+07,-0.17002E+08
8309.400000000,-0.12538E+07,-0.12249E+08,-0.66675E+07,-0.10051E+08,-0.34749E+07,-0.17802E+08,-0.86773E+07,-0.14413E+08,-0.40337E+07,-0.30987E+07,-0.55263E+07,-0.41417E+07,-0.16980E+08
8339.400000000,-0.11170E+07,-0.12748E+08,-0.79586E+07,-0.10282E+08,-0.31491E+07,-0.18578E+08,-0.90620E+07,-0.12642E+08,-0.37882E+07,-0.29495E+07,-0.55325E+07,-0.41672E+07,-0.16994E+08
8370.400000000,-0.73117E+06,-0.12245E+08,-0.64985E+07,-0.50437E+07,-0.22270E+07,-0.17422E+08,-0.82774E+07,-0.10344E+08,-0.29655E+07,-0.26237E+07,-0.55182E+07,-0.41599E+07,-0.16962E+08
8400.400000000,-0.42642E+06,-0.11143E+08,-0.50329E+07,-0.13830E+07,-0.10862E+07,-0.15723E+08,-0.74346E+07,-0.68187E+07,-0.24579E+07,-0.26797E+07,-0.55117E+07,-0.41718E+07,-0.17016E+08
8431.400000000,-0.33778E+06,-0.10185E+08,-0.40449E+07,-0.99875E+06,-0.89159E+06,-0.14911E+08,-0.70221E+07,-0.62089E+07,-0.23606E+07,-0.27003E+07,-0.55057E+07,-0.42028E+07,-0.17055E+08
8462.400000000,-0.22850E+06,-0.94116E+07,-0.39748E+07,-0.10403E+07,-0.75473E+06,-0.13961E+08,-0.65515E+07,-0.59054E+07,-0.22938E+07,-0.27077E+07,-0.54993E+07,-0.42217E+07,-0.17076E+08
8490.400000000,-0.23061E+06,-0.88173E+07,-0.37995E+07,-0.60319E+06,-0.71899E+06,-0.13177E+08,-0.61984E+07,-0.57098E+07,-0.22812E+07,-0.27087E+07,-0.54928E+07,-0.42294E+07,-0.17085E+08
8521.400000000,-0.22717E+06,-0.82654E+07,-0.35976E+07,-0.78970E+06,-0.47637E+06,-0.12189E+08,-0.56838E+07,-0.55605E+07,-0.22787E+07,-0.27077E+07,-0.54851E+07,-0.42578E+07,-0.17088E+08
8551.400000000,-0.53402E+06,-0.88081E+07,-0.37542E+07,-0.17194E+06,-0.12594E+07,-0.12547E+08,-0.57086E+07,-0.91471E+07,-0.30752E+07,-0.29794E+07,-0.54899E+07,-0.42544E+07,-0.17082E+08
8582.400000000,-0.71962E+06,-0.97436E+07,-0.52234E+07,-0.40471E+07,-0.20467E+07,-0.13524E+08,-0.61351E+07,-0.12953E+08,-0.37991E+07,-0.31947E+07,-0.55060E+07,-0.42609E+07,-0.17072E+08
8612.400000000,-0.86081E+06,-0.10447E+08,-0.52340E+07,-0.67974E+07,-0.24315E+07,-0.14850E+08,-0.68639E+07,-0.13852E+08,-0.41160E+07,-0.33340E+07,-0.55254E+07,-0.42978E+07,-0.17080E+08
8643.400000000,-0.17510E+07,-0.12122E+08,-0.83919E+07,-0.12230E+08,-0.33587E+07,-0.17186E+08,-0.82339E+07,-0.14616E+08,-0.46708E+07,-0.34418E+07,-0.55471E+07,-0.42284E+07,-0.17018E+08
8674.400000000,-0.15506E+07,-0.12964E+08,-0.85266E+07,-0.12210E+08,-0.32213E+07,-0.18095E+08,-0.86960E+07,-0.14403E+08,-0.44849E+07,-0.33300E+07,-0.55652E+07,-0.42129E+07,-0.17009E+08
8704.400000000,-0.12851E+07,-0.13177E+08,-0.78630E+07,-0.98665E+07,-0.31085E+07,-0.18758E+08,-0.89694E+07,-0.13034E+08,-0.39117E+07,-0.29693E+07,-0.55641E+07,-0.41368E+07,-0.16949E+08
8735.400000000,-0.86588E+06,-0.12704E+08,-0.72323E+07,-0.81274E+07,-0.23454E+07,-0.17893E+08,-0.83061E+07,-0.11019E+08,-0.33039E+07,-0.28355E+07,-0.55578E+07,-0.41764E+07,-0.17009E+08
8765.400000000,-0.49554E+06,-0.11574E+08,-0.55038E+07,-0.27690E+07,-0.11597E+07,-0.16129E+08,-0.74631E+07,-0.69113E+07,-0.26104E+07,-0.27864E+07,-0.55511E+07,-0.41917E+07,-0.17041E+08
8796.400000000,-0.29578E+06,-0.10482E+08,-0.40413E+07,-0.38039E+06,-0.90247E+06,-0.15107E+08,-0.70358E+07,-0.62330E+07,-0.24422E+07,-0.27815E+07,-0.55443E+07,-0.42221E+07,-0.17065E+08
8827.400000000,-0.26142E+06,-0.97470E+07,-0.43196E+07,-0.16346E+07,-0.71538E+06,-0.14204E+08,-0.65884E+07,-0.59310E+07,-0.24015E+07,-0.27779E+07,-0.55370E+07,-0.42401E+07,-0.17077E+08
8855.400000000,-0.26054E+06,-0.91247E+07,-0.39396E+07,-0.12322E+07,-0.72912E+06,-0.13578E+08,-0.62965E+07,-0.57513E+07,-0.23747E+07,-0.27727E+07,-0.55298E+07,-0.42470E+07,-0.17083E+08
8886.400000000,-0.23755E+06,-0.85246E+07,-0.37207E+07,-0.87676E+06,-0.58364E+06,-0.12654E+08,-0.58615E+07,-0.56218E+07,-0.23301E+07,-0.27663E+07,-0.55212E+07,-0.42477E+07,-0.17084E+08
8916.400000000,-0.22529E+06,-0.79448E+07,-0.28138E+07,74089.,-0.14675E+07,-0.13200E+08,-0.59957E+07,-0.93448E+07,-0.19970E+07,-0.28667E+07,-0.55171E+07,-0.42625E+07,-0.17048E+08
8947.400000000,-0.49681E+06,-0.88871E+07,-0.45121E+07,-0.11432E+07,-0.22615E+07,-0.14366E+08,-0.66280E+07,-0.11981E+08,-0.33441E+07,-0.31273E+07,-0.55287E+07,-0.42889E+07,-0.17059E+08
8977.400000000,-0.67929E+06,-0.97790E+07,-0.49957E+07,-0.54192E+07,-0.17115E+07,-0.14022E+08,-0.61576E+07,-0.13131E+08,-0.38317E+07,-0.32970E+07,-0.55448E+07,-0.43084E+07,-0.17048E+08
9008.400000000,-0.14640E+07,-0.11342E+08,-0.77671E+07,-0.10815E+08,-0.32826E+07,-0.16931E+08,-0.80386E+07,-0.15313E+08,-0.44236E+07,-0.34241E+07,-0.55678E+07,-0.42258E+07,-0.16996E+08
9039.400000000,-0.14451E+07,-0.12411E+08,-0.84396E+07,-0.11913E+08,-0.31775E+07,-0.18151E+08,-0.87790E+07,-0.15068E+08,-0.43424E+07,-0.33556E+07,-0.55885E+07,-0.41678E+07,-0.16973E+08
9069.400000000,-0.12368E+07,-0.12636E+08,-0.76998E+07,-0.99256E+07,-0.29159E+07,-0.18721E+08,-0.90538E+07,-0.13463E+08,-0.38450E+07,-0.29986E+07,-0.55880E+07,-0.41335E+07,-0.16962E+08
9100.400000000,-0.10098E+07,-0.12518E+08,-0.72442E+07,-0.76094E+07,-0.21940E+07,-0.17829E+08,-0.84930E+07,-0.10858E+08,-0.34458E+07,-0.28335E+07,-0.55796E+07,-0.41713E+07,-0.16943E+08
9130.400000000,-0.54219E+06,-0.11415E+08,-0.55854E+07,-0.29102E+07,-0.10812E+07,-0.16099E+08,-0.75773E+07,-0.68816E+07,-0.25923E+07,-0.27937E+07,-0.55715E+07,-0.41769E+07,-0.16992E+08
9161.400000000,-0.29476E+06,-0.10400E+08,-0.45161E+07,-0.22707E+07,-0.78667E+06,-0.15321E+08,-0.71347E+07,-0.62382E+07,-0.24018E+07,-0.27938E+07,-0.55639E+07,-0.42133E+07,-0.17031E+08
9192.400000000,-0.18627E+06,-0.94636E+07,-0.34045E+07,-0.18251E+06,-0.65016E+06,-0.14320E+08,-0.65952E+07,-0.59583E+07,-0.23414E+07,-0.27929E+07,-0.55560E+07,-0.42368E+07,-0.17053E+08
9220.400000000,-0.27532E+06,-0.90054E+07,-0.42223E+07,-0.14695E+07,-0.73431E+06,-0.13603E+08,-0.62782E+07,-0.57800E+07,-0.23612E+07,-0.27891E+07,-0.55484E+07,-0.42470E+07,-0.17062E+08
9251.400000000,-0.15223E+06,-0.82716E+07,-0.30972E+07,-0.10011E+06,-0.40953E+06,-0.12640E+08,-0.57449E+07,-0.56433E+07,-0.22839E+07,-0.27824E+07,-0.55394E+07,-0.42499E+07,-0.17066E+08
9281.400000000,0.41142E+06,-0.72767E+07,0.13526E+07,0.90931E+07,-0.80866E+06,-0.12212E+08,-0.53369E+07,-0.86375E+07,-0.23207E+07,-0.27909E+07,-0.55292E+07,-0.42824E+07,-0.17055E+08
9312.400000000,-0.51393E+06,-0.85097E+07,-0.32694E+07,-0.15150E+07,-0.15358E+07,-0.13061E+08,-0.57098E+07,-0.11903E+08,-0.36324E+07,-0.32540E+07,-0.55462E+07,-0.42999E+07,-0.17068E+08
9342.400000000,-0.12237E+07,-0.10031E+08,-0.71983E+07,-0.93912E+07,-0.19309E+07,-0.13980E+08,-0.62146E+07,-0.12926E+08,-0.41127E+07,-0.34130E+07,-0.55685E+07,-0.43088E+07,-0.17059E+08
9373.400000000,-0.16241E+07,-0.11527E+08,-0.85161E+07,-0.13369E+08,-0.32093E+07,-0.16299E+08,-0.76760E+07,-0.15183E+08,-0.45473E+07,-0.35416E+07,-0.55929E+07,-0.42285E+07,-0.17003E+08
9404.400000000,-0.16197E+07,-0.12688E+08,-0.87758E+07,-0.14195E+08,-0.35789E+07,-0.17868E+08,-0.86322E+07,-0.15427E+08,-0.45761E+07,-0.35382E+07,-0.56161E+07,-0.41584E+07,-0.16971E+08
9434.400000000,-0.14252E+07,-0.13081E+08,-0.77546E+07,-0.11464E+08,-0.33926E+07,-0.18757E+08,-0.91546E+07,-0.14457E+08,-0.41801E+07,-0.31602E+07,-0.56215E+07,-0.41524E+07,-0.16966E+08
9465.400000000,-0.10649E+07,-0.12826E+08,-0.76241E+07,-0.93069E+07,-0.24195E+07,-0.17956E+08,-0.85975E+07,-0.11436E+08,-0.35839E+07,-0.29635E+07,-0.56176E+07,-0.42068E+07,-0.17011E+08
9495.400000000,-0.56742E+06,-0.11665E+08,-0.56846E+07,-0.32751E+07,-0.12134E+07,-0.16210E+08,-0.76972E+07,-0.70384E+07,-0.26817E+07,-0.28729E+07,-0.56096E+07,-0.42065E+07,-0.17029E+08
9526.400000000,-0.36531E+06,-0.10667E+08,-0.46953E+07,-0.10787E+07,-0.91016E+06,-0.14968E+08,-0.71364E+07,-0.62839E+07,-0.24981E+07,-0.28592E+07,-0.56014E+07,-0.42336E+07,-0.17048E+08
9557.400000000,-0.25790E+06,-0.98023E+07,-0.40912E+07,-0.13635E+07,-0.72006E+06,-0.13997E+08,-0.66405E+07,-0.59587E+07,-0.24267E+07,-0.28518E+07,-0.55928E+07,-0.42508E+07,-0.17059E+08
9586.400000000,-0.18400E+06,-0.90249E+07,-0.32523E+07,0.16333E+06,-0.64480E+06,-0.13200E+08,-0.62365E+07,-0.57596E+07,-0.23765E+07,-0.28437E+07,-0.55842E+07,-0.42574E+07,-0.17064E+08
9617.400000000,0.17518E+06,-0.77427E+07,54253.,0.63094E+07,-0.32755E+06,-0.12217E+08,-0.56091E+07,-0.56587E+07,-0.22477E+07,-0.28364E+07,-0.55744E+07,-0.42583E+07,-0.17066E+08
9647.400000000,-7073.3,-0.77670E+07,-0.28775E+06,0.47651E+07,-0.69838E+06,-0.11409E+08,-0.47591E+07,-0.89841E+07,-0.29030E+07,-0.30298E+07,-0.55735E+07,-0.43060E+07,-0.17065E+08
9678.400000000,-0.81456E+06,-0.90818E+07,-0.53284E+07,-0.56361E+07,-0.17995E+07,-0.12302E+08,-0.49978E+07,-0.11798E+08,-0.37195E+07,-0.33135E+07,-0.55892E+07,-0.43055E+07,-0.17059E+08
9708.400000000,-0.15871E+07,-0.10915E+08,-0.83707E+07,-0.12153E+08,-0.30773E+07,-0.14648E+08,-0.65064E+07,-0.14073E+08,-0.43727E+07,-0.35099E+07,-0.56076E+07,-0.42678E+07,-0.17010E+08
9739.400000000,-0.15723E+07,-0.12027E+08,-0.77200E+07,-0.12357E+08,-0.34589E+07,-0.16691E+08,-0.77833E+07,-0.14871E+08,-0.45593E+07,-0.34700E+07,-0.56298E+07,-0.42069E+07,-0.16953E+08
9770.400000000,-0.15121E+07,-0.12984E+08,-0.79506E+07,-0.13297E+08,-0.33303E+07,-0.17577E+08,-0.82791E+07,-0.14842E+08,-0.45700E+07,-0.34791E+07,-0.56495E+07,-0.41408E+07,-0.16929E+08
9800.400000000,-0.11920E+07,-0.13241E+08,-0.75771E+07,-0.11619E+08,-0.31405E+07,-0.18252E+08,-0.86454E+07,-0.13266E+08,-0.39237E+07,-0.30386E+07,-0.56478E+07,-0.41272E+07,-0.16930E+08
9831.400000000,-0.75741E+06,-0.12612E+08,-0.68883E+07,-0.82437E+07,-0.23318E+07,-0.17474E+08,-0.81135E+07,-0.11099E+08,-0.33009E+07,-0.29954E+07,-0.56427E+07,-0.41764E+07,-0.16971E+08
9861.400000000,-0.41047E+06,-0.11472E+08,-0.52760E+07,-0.29840E+07,-0.11587E+07,-0.15823E+08,-0.72300E+07,-0.69057E+07,-0.26308E+07,-0.29020E+07,-0.56337E+07,-0.41996E+07,-0.17005E+08
9892.400000000,-0.29182E+06,-0.10502E+08,-0.44468E+07,-0.18586E+07,-0.78379E+06,-0.14577E+08,-0.66004E+07,-0.62202E+07,-0.24944E+07,-0.28875E+07,-0.56246E+07,-0.42320E+07,-0.17030E+08
9923.400000000,-0.30022E+06,-0.97122E+07,-0.40386E+07,-0.12192E+07,-0.84083E+06,-0.13946E+08,-0.64012E+07,-0.59291E+07,-0.24638E+07,-0.28797E+07,-0.56151E+07,-0.42506E+07,-0.17043E+08
9951.400000000,-0.19658E+06,-0.90533E+07,-0.37475E+07,-0.85536E+06,-0.66144E+06,-0.13000E+08,-0.59848E+07,-0.57000E+07,-0.23931E+07,-0.28716E+07,-0.56061E+07,-0.42577E+07,-0.17050E+08
9982.400000000,-0.24840E+06,-0.85222E+07,-0.36297E+07,-0.58121E+06,-0.61831E+06,-0.12184E+08,-0.56393E+07,-0.55866E+07,-0.24166E+07,-0.28659E+07,-0.55957E+07,-0.42577E+07,-0.17052E+08
10012.40000000,-0.75135E+06,-0.92064E+07,-0.42261E+07,-0.19043E+06,-0.17674E+07,-0.13346E+08,-0.60752E+07,-0.95367E+07,-0.33485E+07,-0.30951E+07,-0.56001E+07,-0.42767E+07,-0.17054E+08
10043.40000000,-0.93286E+06,-0.10269E+08,-0.56032E+07,-0.62713E+07,-0.22702E+07,-0.14187E+08,-0.64393E+07,-0.12240E+08,-0.37025E+07,-0.29186E+07,-0.55902E+07,-0.42350E+07,-0.16930E+08
10073.40000000,-0.12413E+07,-0.11179E+08,-0.63252E+07,-0.98310E+07,-0.29612E+07,-0.15590E+08,-0.71882E+07,-0.14424E+08,-0.37558E+07,-0.27520E+07,-0.55730E+07,-0.41644E+07,-0.16782E+08
10104.40000000,-0.13164E+07,-0.11429E+08,-0.54695E+07,-0.11129E+08,-0.32741E+07,-0.17111E+08,-0.80639E+07,-0.14421E+08,-0.34217E+07,-0.25082E+07,-0.55495E+07,-0.40506E+07,-0.16616E+08
10135.40000000,-0.12576E+07,-0.11904E+08,-0.56150E+07,-0.11356E+08,-0.34491E+07,-0.18103E+08,-0.85736E+07,-0.15079E+08,-0.34986E+07,-0.25266E+07,-0.55316E+07,-0.39930E+07,-0.16595E+08
10165.40000000,-0.99736E+06,-0.12291E+08,-0.66749E+07,-0.62392E+07,-0.31658E+07,-0.18816E+08,-0.88354E+07,-0.13329E+08,-0.32822E+07,-0.23661E+07,-0.55105E+07,-0.40476E+07,-0.16611E+08
10196.40000000,-0.62176E+06,-0.11680E+08,-0.58445E+07,-0.30225E+07,-0.20384E+07,-0.17325E+08,-0.77664E+07,-0.99139E+07,-0.24775E+07,-0.24664E+07,-0.55001E+07,-0.40749E+07,-0.16736E+08
10226.40000000,-0.35159E+06,-0.10652E+08,-0.45561E+07,-0.12244E+07,-0.11314E+07,-0.15861E+08,-0.71655E+07,-0.68231E+07,-0.22036E+07,-0.25850E+07,-0.54963E+07,-0.41113E+07,-0.16853E+08
10257.40000000,-0.29119E+06,-0.98102E+07,-0.40340E+07,-0.10432E+07,-0.94062E+06,-0.14749E+08,-0.67448E+07,-0.62069E+07,-0.21714E+07,-0.26413E+07,-0.54930E+07,-0.41642E+07,-0.16922E+08
10288.40000000,-0.23538E+06,-0.90811E+07,-0.37130E+07,-0.64648E+06,-0.78558E+06,-0.13724E+08,-0.63258E+07,-0.58854E+07,-0.21490E+07,-0.26713E+07,-0.54890E+07,-0.41969E+07,-0.16957E+08
10316.40000000,-0.16693E+06,-0.84810E+07,-0.34657E+07,-0.76831E+06,-0.54517E+06,-0.12872E+08,-0.59194E+07,-0.56888E+07,-0.21219E+07,-0.26862E+07,-0.54845E+07,-0.42122E+07,-0.16973E+08
10347.40000000,-0.21710E+06,-0.79743E+07,-0.32628E+07,-0.74064E+06,-0.30419E+06,-0.11886E+08,-0.53105E+07,-0.56331E+07,-0.21563E+07,-0.26953E+07,-0.54785E+07,-0.42188E+07,-0.16982E+08
10377.40000000,-0.33785E+06,-0.82417E+07,-0.27251E+07,0.15263E+07,-0.12973E+07,-0.12501E+08,-0.55843E+07,-0.89220E+07,-0.28209E+07,-0.28192E+07,-0.54791E+07,-0.42543E+07,-0.16991E+08
10408.40000000,-0.10536E+07,-0.96883E+07,-0.57358E+07,-0.69901E+07,-0.20207E+07,-0.13344E+08,-0.59125E+07,-0.12094E+08,-0.36880E+07,-0.31074E+07,-0.54941E+07,-0.42241E+07,-0.16966E+08
10438.40000000,-0.11556E+07,-0.10246E+08,-0.50373E+07,-0.83973E+07,-0.29761E+07,-0.15011E+08,-0.69142E+07,-0.14368E+08,-0.36892E+07,-0.29716E+07,-0.55020E+07,-0.41663E+07,-0.16900E+08
10469.40000000,-0.12978E+07,-0.10679E+08,-0.49569E+07,-0.96148E+07,-0.33355E+07,-0.17112E+08,-0.81782E+07,-0.14422E+08,-0.35406E+07,-0.28475E+07,-0.55032E+07,-0.41086E+07,-0.16798E+08
10500.40000000,-0.12864E+07,-0.11613E+08,-0.63311E+07,-0.11873E+08,-0.34935E+07,-0.18315E+08,-0.87306E+07,-0.15419E+08,-0.36294E+07,-0.27192E+07,-0.54992E+07,-0.41164E+07,-0.16798E+08
10530.40000000,-0.10636E+07,-0.12132E+08,-0.68297E+07,-0.10354E+08,-0.33017E+07,-0.19031E+08,-0.89847E+07,-0.14188E+08,-0.33690E+07,-0.25639E+07,-0.54941E+07,-0.41061E+07,-0.16762E+08
10561.40000000,-0.77284E+06,-0.11740E+08,-0.54650E+07,-0.52788E+07,-0.24800E+07,-0.18207E+08,-0.83087E+07,-0.11494E+08,-0.27293E+07,-0.23472E+07,-0.54719E+07,-0.40851E+07,-0.16706E+08
10591.40000000,-0.38667E+06,-0.10687E+08,-0.43825E+07,-0.18022E+07,-0.12205E+07,-0.16508E+08,-0.74779E+07,-0.70814E+07,-0.22085E+07,-0.25283E+07,-0.54669E+07,-0.40997E+07,-0.16819E+08
10622.40000000,-0.27215E+06,-0.97969E+07,-0.38639E+07,-0.16971E+07,-0.82424E+06,-0.15421E+08,-0.69238E+07,-0.63418E+07,-0.21356E+07,-0.25947E+07,-0.54638E+07,-0.41568E+07,-0.16894E+08
10653.40000000,-0.21153E+06,-0.89852E+07,-0.31984E+07,-0.43104E+06,-0.75826E+06,-0.14446E+08,-0.64849E+07,-0.60286E+07,-0.21148E+07,-0.26273E+07,-0.54602E+07,-0.41947E+07,-0.16932E+08
10681.40000000,-0.23165E+06,-0.84814E+07,-0.35831E+07,-0.81726E+06,-0.42201E+06,-0.13155E+08,-0.58092E+07,-0.58115E+07,-0.21250E+07,-0.26434E+07,-0.54562E+07,-0.42130E+07,-0.16950E+08
10712.40000000,-0.25236E+06,-0.80039E+07,-0.33376E+07,-0.39055E+06,-0.67356E+06,-0.12707E+08,-0.57451E+07,-0.57645E+07,-0.21581E+07,-0.26534E+07,-0.54508E+07,-0.42212E+07,-0.16959E+08
10742.40000000,-0.65873E+06,-0.88392E+07,-0.37295E+07,-0.17470E+07,-0.20663E+07,-0.14030E+08,-0.64731E+07,-0.10267E+08,-0.30312E+07,-0.27658E+07,-0.54509E+07,-0.42396E+07,-0.16911E+08
10773.40000000,-0.61574E+06,-0.97041E+07,-0.50552E+07,-0.49972E+07,-0.25449E+07,-0.14865E+08,-0.68273E+07,-0.12750E+08,-0.33417E+07,-0.27275E+07,-0.54433E+07,-0.42254E+07,-0.16849E+08
10803.40000000,-0.11901E+07,-0.10427E+08,-0.58093E+07,-0.90407E+07,-0.32319E+07,-0.16365E+08,-0.76064E+07,-0.14351E+08,-0.34657E+07,-0.26974E+07,-0.54377E+07,-0.41378E+07,-0.16720E+08
10834.40000000,-0.10079E+07,-0.11055E+08,-0.56449E+07,-0.10043E+08,-0.33154E+07,-0.17733E+08,-0.83476E+07,-0.15356E+08,-0.35130E+07,-0.27035E+07,-0.54424E+07,-0.41204E+07,-0.16750E+08
10865.40000000,-0.11549E+07,-0.11602E+08,-0.59784E+07,-0.10224E+08,-0.33239E+07,-0.18550E+08,-0.87159E+07,-0.15428E+08,-0.34226E+07,-0.25455E+07,-0.54375E+07,-0.40404E+07,-0.16681E+08
10895.40000000,-0.88822E+06,-0.11923E+08,-0.64200E+07,-0.97316E+07,-0.30244E+07,-0.18970E+08,-0.88991E+07,-0.13426E+08,-0.31607E+07,-0.24590E+07,-0.54334E+07,-0.40571E+07,-0.16685E+08
10926.40000000,-0.71652E+06,-0.11608E+08,-0.55581E+07,-0.48490E+07,-0.24279E+07,-0.18294E+08,-0.83062E+07,-0.11369E+08,-0.28636E+07,-0.24719E+07,-0.54269E+07,-0.41306E+07,-0.16760E+08
10956.40000000,-0.37788E+06,-0.10533E+08,-0.43724E+07,-0.13685E+07,-0.12647E+07,-0.16671E+08,-0.74535E+07,-0.70357E+07,-0.22177E+07,-0.25255E+07,-0.54245E+07,-0.41443E+07,-0.16831E+08
10987.40000000,-0.25202E+06,-0.95688E+07,-0.35872E+07,-0.17777E+07,-0.85033E+06,-0.15646E+08,-0.69664E+07,-0.63213E+07,-0.21093E+07,-0.25651E+07,-0.54225E+07,-0.41835E+07,-0.16881E+08
